SL/NO,State,District,Sub-district,Code Number
1,AN,ANDAMAN & NICOBAR,ANDAMAN ISLANDS,3192
2,AN,ANDAMAN & NICOBAR,NICOBAR ISLANDS,3193
3,AP,ADILABAD,ADILABAD,8732
4,AP,ADILABAD,ASIFABAD,8733
5,AP,ADILABAD,BELLAMPALLI,8735
6,AP,ADILABAD,BHAINSA,8752
7,AP,ADILABAD,BOATH (ECHODA),8751
8,AP,ADILABAD,CHINNOR,8737
9,AP,ADILABAD,JANNARAM (LUXITTIPET),8739
10,AP,ADILABAD,KHANAPUR (AP),8730
11,AP,ADILABAD,MANCHERIAL,8736
12,AP,ADILABAD,NIRMAL,8734
13,AP,ADILABAD,OUTSARANGAPALLE,8753
14,AP,ADILABAD,SIRPURKAGAZNAGAR,8738
15,AP,ADILABAD,UTNOR,8731
16,AP,ANANTPUR (GUNTAKAL),ANANTAPUR,8554
17,AP,ANANTPUR (GUNTAKAL),DHARMAVARAM,8559
18,AP,ANANTPUR GUNTAKAL),GARLADINNE,8551
19,AP,ANANTPUR (GUNTAKAL),GOOTY (GUNTAKAL),8552
20,AP,ANANTPUR (GUNTAKAL),HINDUPUR,8556
21,AP,ANANTPUR (GUNTAKAL),KADIRI,8494
22,AP,ANANTPUR (GUNTAKAL),KALYANDURG,8497
23,AP,ANANTPUR (GUNTAKAL),KAMBADUR,8492
24,AP,ANANTPUR (GUNTAKAL),KANAGANAPALLE,8491
25,AP,ANANTPUR (GUNTAKAL),MADAKASIRA,8493
26,AP,ANANTPUR (GUNTAKAL),(TANAKALLU),8498
27,AP,ANANTPUR (GUNTAKAL),PENUKONDA,8557
28,AP,ANANTPUR (GUNTAKAL),RAYADURG,8495
29,AP,ANANTPUR (GUNTAKAL),TADIPATRI,8558
30,AP,ANANTPUR (GUNTAKAL),URAVAKONDA,8496
31,AP,ANANTPUR (GUNTAKAL),YELLANURU,8550
32,AP,CHITTOOR,B.KOTHAKOTA,8582
33,AP,CHITTOOR,BANGARUPALEM,8573
34,AP,CHITTOOR,CHITTOOR,8572
35,AP,CHITTOOR,KUPPAM,8570
36,AP,CHITTOOR,MADANAPALLI,8571
37,AP,CHITTOOR,PAKALA,8585
38,AP,CHITTOOR,PALMANERU,8579
39,AP,CHITTOOR,PILER,8584
40,AP,CHITTOOR,PUNGANUR,8581
41,AP,CHITTOOR,PUTTURU,8577
42,AP,CHITTOOR,SATYAVEDU,8576
43,AP,CHITTOOR,SODAM,8583
44,AP,CHITTOOR,SRIKALAHASTHI,8578
45,AP,CHITTOOR,TIRUPATHI,877
46,AP,CHITTOOR,VAYALPAD,8586
47,AP,CHITTOOR,VENKATGIRIKOTA,8587
48,AP,CUDDAPAH,BADVEL,8569
49,AP,CUDDAPAH,CUDDAPAH,8562
50,AP,CUDDAPAH,JAMMALAMADUGU,8560
51,AP,CUDDAPAH,(YERRAGUNTALA),8563
52,AP,CUDDAPAH,KODURU,8566
53,AP,CUDDAPAH,LAKKIREDDIPALLI,8567
54,AP,CUDDAPAH,PRODDATUR,8564
55,AP,CUDDAPAH,PULIVENDLA,8568
56,AP,CUDDAPAH,RAJAMPETA,8565
57,AP,CUDDAPAH,RAYACHOTI,8561
58,AP,CUDDAPAH,SIDDAVATTAM,8589
59,AP,CUDDAPAH,VAIMPALLI,8588
60,AP,ELURU,BHIMADOLE,8829
61,AP,ELURU,BHIMAVARAM,8816
62,AP,ELURU,CHINTALAPUDI,8823
63,AP,ELURU,ELURU,8812
64,AP,ELURU,JANGAREDDYGUDEM,8821
65,AP,ELURU,KOVVUR (NIDADAVOLU),8813
66,AP,ELURU,NARSAPUR (PALAKOLE),8814
67,AP,ELURU,POLAVARAM,8811
68,AP,ELURU,TADEPALLIGUDEM,8818
69,AP,ELURU,TANUKU,8819
70,AP,GUNTUR,BAPATLA,8643
71,AP,GUNTUR,GUNTUR,863
72,AP,GUNTUR,KROSURU,8640
73,AP,GUNTUR,MANGALAGIRI,8645
74,AP,GUNTUR,NARSARAOPET,8647
75,AP,GUNTUR,PALNAD (MACHERALA),8642
76,AP,GUNTUR,PIDUGURALLA,8649
77,AP,GUNTUR,REPALLE,8648
78,AP,GUNTUR,SATTENAPALLI,8641
79,AP,GUNTUR,TENALI,8644
80,AP,GUNTUR,VINUKONDA,8646
81,AP,HYDERABAD,CHEVELLA,8417
82,AP,HYDERABAD,HYDERABAD LOC,40
83,AP,HYDERABAD,HYDERABADEAST (GHATKESWAR),8415
84,AP,HYDERABAD,HYDERABADWEST (SHAMSHABAD),8413
85,AP,HYDERABAD,IBRAHIMPATNAM,8414
86,AP,HYDERABAD,MEDCHAL,8418
87,AP,HYDERABAD,PARGI,8412
88,AP,HYDERABAD,TANDURU,8411
89,AP,HYDERABAD,VIKRABAD,8416
90,AP,KARIMNAGAR,HUSNABAD,8721
91,AP,KARIMNAGAR,HUZURABAD,8727
92,AP,KARIMNAGAR,JAGTIAL,8724
93,AP,KARIMNAGAR,KARIMNAGAR,878
94,AP,KARIMNAGAR,MAHADEVAPUR,8720
95,AP,KARIMNAGAR,MANTHANI,8729
96,AP,KARIMNAGAR,METPALLI,8725
97,AP,KARIMNAGAR,PEDDAPALLI,8728
98,AP,KARIMNAGAR,SIRCILLA,8723
99,AP,KHAMMAM,ASWARAOPET,8740
100,AP,KHAMMAM,BHADRACHALAM,8743
101,AP,KHAMMAM,BHOORAGAMPHAD (MANUGURU),8746
102,AP,KHAMMAM,KHAMMAM,8742
103,AP,KHAMMAM,KOTHAGUDEM,8744
104,AP,KHAMMAM,MADHIRA,8749
105,AP,KHAMMAM,NUGURU (CHERLA),8747
106,AP,KHAMMAM,SATHUPALLI,8761
107,AP,KHAMMAM,SUDHIMALLA (TEKULAPALLI),8741
108,AP,KHAMMAM,V.R.PURAM,8748
109,AP,KHAMMAM,YELLANDU,8745
110,AP,KURNOOL,ADONI,8512
111,AP,KURNOOL,ALLAGADDA,8519
112,AP,KURNOOL,ALUR,8523
113,AP,KURNOOL,ATMAKUR,8517
114,AP,KURNOOL,BANAGANAPALLE,8515
115,AP,KURNOOL,DRONACHALAM,8516
116,AP,KURNOOL,GUDUR (KODUMUR),8525
117,AP,KURNOOL,KOILKUNTLA,8510
118,AP,KURNOOL,KURNOOL,8518
119,AP,KURNOOL,NANDIKOTKUR,8513
120,AP,KURNOOL,NANDYAL,8514
121,AP,KURNOOL,PATTIKONDA,8520
122,AP,KURNOOL,PEAPALLE,8522
123,AP,KURNOOL,SRISAILAM,8524
124,AP,MAHABUBNAGAR,ACHAMPET,8541
125,AP,MAHABUBNAGAR,ALAMPUR,8502
126,AP,MAHABUBNAGAR,AMANGALLU,8545
127,AP,MAHABUBNAGAR,ATMAKUR,8504
128,AP,MAHABUBNAGAR,GADWAL,8546
129,AP,MAHABUBNAGAR,KALWAKURTHY,8549
130,AP,MAHABUBNAGAR,KODANGAL,8505
131,AP,MAHABUBNAGAR,KOLLAPUR,8501
132,AP,MAHABUBNAGAR,MAHABUBNAGAR,8542
133,AP,MAHABUBNAGAR,MAKTHAL,8503
134,AP,MAHABUBNAGAR,NAGARKURNOOL,8540
135,AP,MAHABUBNAGAR,NARAYANPET,8506
136,AP,MAHABUBNAGAR,SHADNAGAR,8548
137,AP,MAHABUBNAGAR,WANAPARTHY,8543
138,AP,NALGONDA,BHONGIR,8685
139,AP,NALGONDA,CHANDOOR,8681
140,AP,NALGONDA,DEVARAKONDA,8691
141,AP,NALGONDA,HAZURNAGAR,8683
142,AP,NALGONDA,MIRYALGUDA,8689
143,AP,NALGONDA,NALGONDA,8682
144,AP,NALGONDA,NAMPALLE,8692
145,AP,NALGONDA,NIDAMANUR (HILLCOLONY),8680
146,AP,NALGONDA,RAMANNAPET,8694
147,AP,NALGONDA,SURYAPET,8684
148,AP,NALGONDA,THUNGATURTHY,8693
149,AP,NELLORE,ATMAKUR,8627
150,AP,NELLORE,CHEJERLA,8628
151,AP,NELLORE,GUDUR,8624
152,AP,NELLORE,KAVALI,8626
153,AP,NELLORE,KOVVUR,8622
154,AP,NELLORE,NELLORE,861
155,AP,NELLORE,RAPUR (PODALAKUR),8621
156,AP,NELLORE,SULLURPET,8623
157,AP,NELLORE,UDAYGIRI,8620
158,AP,NELLORE,VENKATGIRI,8625
159,AP,NELLORE,VINJAMURU,8629
160,AP,NIZAMABAD,ARMOOR,8463
161,AP,NIZAMABAD,BANSWADA,8466
162,AP,NIZAMABAD,BODHAN,8467
163,AP,NIZAMABAD,DICHPALLI,8461
164,AP,NIZAMABAD,KAMAREDDY,8468
165,AP,NIZAMABAD,MADNUR,8464
166,AP,NIZAMABAD,NIZAMABAD,8462
167,AP,NIZAMABAD,YELLAREDDY,8465
168,AP,ONGOLE,CHIRALA,8594
169,AP,ONGOLE,CUMBUM,8406
170,AP,ONGOLE,DARSI,8407
171,AP,ONGOLE,DONAKONDA,8408
172,AP,ONGOLE,GIDDALUR,8405
173,AP,ONGOLE,KANDUKURU,8598
174,AP,ONGOLE,KANIGIRI,8402
175,AP,ONGOLE,MARKAPUR,8596
176,AP,ONGOLE,MARTURU,8404
177,AP,ONGOLE,MEDARMETLA,8593
178,AP,ONGOLE,ONGOLE,8592
179,AP,ONGOLE,PAMURU,8490
180,AP,ONGOLE,PODILI,8499
181,AP,ONGOLE,ULVAPADU,8599
182,AP,ONGOLE,YERRAGONDAPALEM,8403
183,AP,RAJAHMUNDRI,AMALAPURAM,8856
184,AP,RAJAHMUNDRI,CHAVITIDIBBALU,8863
185,AP,RAJAHMUNDRI,KAKINADA,884
186,AP,RAJAHMUNDRI,MANDAPETA (RAVULAPALEM),8855
187,AP,RAJAHMUNDRI,PEDDAPURAM,8852
188,AP,RAJAHMUNDRI,PITHAPURAM,8869
189,AP,RAJAHMUNDRI,RAJAHMUNDRI,883
190,AP,RAJAHMUNDRI,RAMACHANDRAPURAM,8857
191,AP,RAJAHMUNDRI,RAMPACHODAVARAM,8864
192,AP,RAJAHMUNDRI,RAZOLE,8862
193,AP,RAJAHMUNDRI,TUNI,8854
194,AP,RAJAHMUNDRI,YELAVARAM,8865
195,AP,RAJAHMUNDRI,YELESWARAM,8868
196,AP,SANGAREDDY,ANDOLE (JOGIPET),8450
197,AP,SANGAREDDY,GAJWEL,8454
198,AP,SANGAREDDY,MEDAK,8452
199,AP,SANGAREDDY,NARAYANKHED,8456
200,AP,SANGAREDDY,NARSAPUR,8458
201,AP,SANGAREDDY,SANGAREDDY,8455
202,AP,SANGAREDDY,SIDDIPET,8457
203,AP,SANGAREDDY,ZAHIRABAD,8451
204,AP,SRIKAKULAM,PALAKONDA (RAJAM),8941
205,AP,SRIKAKULAM,PATHAPATNAM (HIRAMANDALAM),8946
206,AP,SRIKAKULAM,SOMPETA,8947
207,AP,SRIKAKULAM,SRIKAKULAM,8942
208,AP,SRIKAKULAM,TEKKALI (PALASA),8945
209,AP,VIJAYAWADA,BANDAR (MACHILIPATNAM),8672
210,AP,VIJAYAWADA,DIVI (CHALLAPALLI),8671
211,AP,VIJAYAWADA,GUDIVADA,8674
212,AP,VIJAYAWADA,JAGGAYYAPET,8654
213,AP,VIJAYAWADA,KAIKALURU,8677
214,AP,VIJAYAWADA,MYLAVARAM,8659
215,AP,VIJAYAWADA,NANDIGAMA,8678
216,AP,VIJAYAWADA,NUZVIDU,8656
217,AP,VIJAYAWADA,TIRIVURU,8673
218,AP,VIJAYAWADA,VIJAYAWADA,866
219,AP,VIJAYAWADA,VUYYURU,8676
220,AP,VISAKHAPATNAM,ANAKAPALLE,8924
221,AP,VISAKHAPATNAM,ARAKU,8936
222,AP,VISAKHAPATNAM,BHEEMUNIPATNAM,8933
223,AP,VISAKHAPATNAM,CHINTAPALLE,8937
224,AP,VISAKHAPATNAM,CHODAVARAM,8934
225,AP,VISAKHAPATNAM,NARSIPATNAM,8932
226,AP,VISAKHAPATNAM,PADERU,8935
227,AP,VISAKHAPATNAM,SILERU,8938
228,AP,VISAKHAPATNAM,VISAKHAPATNAM,891
229,AP,VISAKHAPATNAM,YELAMANCHILI,8931
230,AP,VIZAYANAGARAM,BOBBILI,8944
231,AP,VIZAYANAGARAM,CHEPURUPALLI (GARIVIDI),8952
232,AP,VIZAYANAGARAM,GAJAPATHINAGARAM,8965
233,AP,VIZAYANAGARAM,PARVATHIPURAM,8963
234,AP,VIZAYANAGARAM,SALURU,8964
235,AP,VIZAYANAGARAM,SRUNGAVARAPUKOTA (KOTHVLS),8966
236,AP,VIZAYANAGARAM,VIZAYANAGARAM,8922
237,AP,WARANGAL,CHERIAL,8710
238,AP,WARANGAL,ETURNAGARAM,8717
239,AP,WARANGAL,JANGAON,8716
240,AP,WARANGAL,MAHABUBBAD,8719
241,AP,WARANGAL,MULUG,8715
242,AP,WARANGAL,NARASAMPET,8718
243,AP,WARANGAL,PARKAL,8713
244,AP,WARANGAL,WARANGAL,870
245,AP,WARANGAL,WARDHANNAPET (GHANAPUR),8711
246,AS,BONGAIGAON,ABHAYAPURI,3669
247,AS,BONGAIGAON (KOKRAJHAR),BIJNI,3668
248,AS,BONGAIGAON,BILASIPARA,3667
249,AS,BONGAIGAON (KOKRAJHAR),DHUBRI,3662
250,AS,BONGAIGAON,GOALPARA,3663
251,AS,BONGAIGAON (KOKRAJHAR),KOKRAJHAR,3661
252,AS,GUWAHATI,BARAMA,3623
253,AS,GUWAHATI,BARPETA ROAD,3666
254,AS,GUWAHATI,BOKO,3621
255,AS,GUWAHATI,GUWAHATI,361
256,AS,GUWAHATI,HAJO,3664
257,AS,GUWAHATI,NALBARI,3624
258,AS,GUWAHATI,TARABARIHAT,3665
259,AS,JORHAT,BOKAKHAT,3776
260,AS,JORHAT,GOLAGHAT,3774
261,AS,JORHAT,JORHAT,376
262,AS,JORHAT,MAJULI,3775
263,AS,JORHAT,MARIANI,3771
264,AS,JORHAT,SIBSAGAR,3772
265,AS,NAGAON,BAITHALANGSHU,3677
266,AS,NAGAON,BOKAJAN,3675
267,AS,NAGAON,DIPHU,3671
268,AS,NAGAON,HAFLONG,3673
269,AS,NAGAON,HOJAI,3674
270,AS,NAGAON,HOWRAGHAT,3676
271,AS,NAGAON,MAIBONG,3670
272,AS,NAGAON,MORIGAON,3678
273,AS,NAGAON,NAGAON,3672
274,AS,SILCHAR,HAILAKANDI,3844
275,AS,SILCHAR,KARIMGANJ,3843
276,AS,SILCHAR,SILCHAR,3842
277,AS,SILCHAR,VDARBONDH,3841
278,AS,TEZPUR,GOHPUR,3715
279,AS,TEZPUR,MANGALDOI,3713
280,AS,TEZPUR,RANGAPARA,3714
281,AS,TEZPUR,TEZPUR,3712
282,AS,TEZPUR,UDALGURI,3711
283,AS,TINSUKIA (DIBRUGARH),BIHUPURIA,3759
284,AS,TINSUKIA (DIBRUGARH),DHAKUAKHANA,3758
285,AS,TINSUKIA (DIBRUGARH),DHEMAJI,3753
286,AS,TINSUKIA (DIBRUGARH),DIBRUGARH,373
287,AS,TINSUKIA (DIBRUGARH),DIGBOI,3751
288,AS,TINSUKIA (DIBRUGARH),MORANHAT,3754
289,AS,TINSUKIA (DIBRUGARH),NORTH LAKHIMPUR,3752
290,AS,TINSUKIA (DIBRUGARH),SADIYA,3756
291,AS,TINSUKIA (DIBRUGARH),TINSUKHIA,374
292,BR,ARRAH,ARRAH,6182
293,BR,ARRAH,BUXAR,6183
294,BR,ARRAH,DUMRAON,6323
295,BR,ARRAH,PIRO,6181
296,BR,BHAGALPUR,AMARPUR,6420
297,BR,BHAGALPUR,BANKA,6424
298,BR,BHAGALPUR,BHAGALPUR,641
299,BR,BHAGALPUR,KAHALGAON,6429
300,BR,BHAGALPUR,KATORIA,6425
301,BR,BHAGALPUR,NAUGACHIA,6421
302,BR,CHAPRA,CHAPRA,6152
303,BR,CHAPRA,EKMA,6155
304,BR,CHAPRA,GOPALGANJ,6156
305,BR,CHAPRA,HATHUA,6150
306,BR,CHAPRA,MAHARAJGANJ,6153
307,BR,CHAPRA,MAIRWA,6157
308,BR,CHAPRA,MASRAKH,6159
309,BR,CHAPRA,SIDHAWALIA,6151
310,BR,CHAPRA,SIWAN,6154
311,BR,CHAPRA,SONEPUR,6158
312,BR,DARBHANGA,BARAUNI,6279
313,BR,DARBHANGA,BEGUSARAI,6243
314,BR,DARBHANGA,BENIPATTI,6271
315,BR,DARBHANGA,BENIPUR,6242
316,BR,DARBHANGA,DALSINGHSARAI,6278
317,BR,DARBHANGA,DARBHANGA,6272
318,BR,DARBHANGA,GOGRI,6245
319,BR,DARBHANGA,JAINAGAR,6246
320,BR,DARBHANGA,JHAJHARPUR,6273
321,BR,DARBHANGA,KHAGARIA,6244
322,BR,DARBHANGA,MADHUBANI,6276
323,BR,DARBHANGA,PHULPARAS,6277
324,BR,DARBHANGA,ROSERA,6275
325,BR,DARBHANGA,SAMASTIPUR,6274
326,BR,DARBHANGA,SINGHWARA,6247
327,BR,DHANBAD,BERMO,6549
328,BR,DHANBAD,BOKARO,6542
329,BR,DHANBAD,DHANBAD,326
330,BR,DHANBAD,GOMIA,6544
331,BR,DHANBAD,GOVINDPUR,6540
332,BR,GAYA,ARWAL,6337
333,BR,GAYA,AURANGABAD,6186
334,BR,GAYA,DAUDNAGAR,6328
335,BR,GAYA,GAYA,631
336,BR,GAYA,IMAMGANJ,6331
337,BR,GAYA,JAHANABAD,6114
338,BR,GAYA,NABINAGAR,6332
339,BR,GAYA,NAWADA,6324
340,BR,GAYA,PAKRIBARWAN,6325
341,BR,GAYA,RAFIGANJ,6327
342,BR,GAYA,RAJAULI,6336
343,BR,GAYA,SHERGHATI,6326
344,BR,GAYA,WAZIRGANJ,6322
345,BR,KATIHAR,ARARIA,6453
346,BR,KATIHAR,BANMANKHI,6467
347,BR,KATIHAR,BARSOI,6451
348,BR,KATIHAR,DHAMDAHA,6462
349,BR,KATIHAR,FORBESGANJ,6455
350,BR,KATIHAR,KATIHAR,6452
351,BR,KATIHAR,KISHANGANJ,6466
352,BR,KATIHAR,KORHA,6457
353,BR,KATIHAR,PURNEA,6454
354,BR,KATIHAR,RANIGANJ,6461
355,BR,KATIHAR,THAKURGANJ,6459
356,BR,MONGHYR,CHAKAI,6347
357,BR,MONGHYR,H.KHARAGPUR,6342
358,BR,MONGHYR,JAMUI,6345
359,BR,MONGHYR,JHAJHA,6349
360,BR,MONGHYR,LAKHISARAI,6346
361,BR,MONGHYR,MALLEHPUR,6348
362,BR,MONGHYR,MONGHYR,6344
363,BR,MONGHYR,SEIKHPURA,6341
364,BR,MOTIHARI,ARERAJ,6258
365,BR,MOTIHARI,BAGAHA,6251
366,BR,MOTIHARI,BARACHAKIA,6257
367,BR,MOTIHARI,BETTIAH,6254
368,BR,MOTIHARI,DHAKA,6250
369,BR,MOTIHARI,MOTIHARI,6252
370,BR,MOTIHARI,NARKATIAGANJ,6253
371,BR,MOTIHARI,PAKRIDAYAL,6259
372,BR,MOTIHARI,RAMNAGAR,6256
373,BR,MOTIHARI,RAXAUL,6255
374,BR,MUZAFFARPUR,BIDUPUR,6229
375,BR,MUZAFFARPUR,HAJIPUR,6224
376,BR,MUZAFFARPUR,MAHUA,6227
377,BR,MUZAFFARPUR,MOTIPUR,6223
378,BR,MUZAFFARPUR,MUZAFFARPUR,621
379,BR,MUZAFFARPUR,PUPRI,6228
380,BR,MUZAFFARPUR,SHEOHAR,6222
381,BR,MUZAFFARPUR,SITAMARHI,6226
382,BR,PATNA,BARH,6132
383,BR,PATNA,BIHARSHARIF,6112
384,BR,PATNA,BIKRAM,6135
385,BR,PATNA,DANAPUR,6115
386,BR,PATNA,HILSA,6111
387,BR,PATNA,PATNA,612
388,BR,SAHARSA,BIRPUR,6471
389,BR,SAHARSA,MADHEPURA,6476
390,BR,SAHARSA,S.BAKHTIARPUR,6475
391,BR,SAHARSA,SAHARSA,6478
392,BR,SAHARSA,SUPAUL,6473
393,BR,SAHARSA,TRIVENIGANJ,6477
394,BR,SAHARSA,UDAKISHANGANJ,6479
395,BR,SASARAM,ADHAURA,6180
396,BR,SASARAM,BHABHUA,6189
397,BR,SASARAM,BIKRAMGANJ,6185
398,BR,SASARAM,MOHANIA,6187
399,BR,SASARAM,ROHTAS,6188
400,BR,SASARAM,SASARAM,6184
401,BR,DALTONGANJ,BALUMATH,6568
402,BR,DALTONGANJ,BARWADIH,6567
403,BR,DALTONGANJ,BHANDARIA,6581
404,BR,DALTONGANJ,BHAWANATHPUR,6563
405,BR,DALTONGANJ,BISHRAMPUR,6584
406,BR,DALTONGANJ,CHAINPUR,6586
407,BR,DALTONGANJ,DALTONGANJ,6562
408,BR,DALTONGANJ,GARHWA,6561
409,BR,DALTONGANJ,GARU,6569
410,BR,DALTONGANJ,JAPLA,6566
411,BR,DALTONGANJ,LATEHAR,6565
412,BR,DALTONGANJ,NAGARUTARI,6564
413,BR,DALTONGANJ,PATAN,6560
414,BR,DEOGHAR (DUMKA),DEOGHAR,6432
415,BR,DEOGHAR (DUMKA),DUMKA,6434
416,BR,DEOGHAR (DUMKA),GODDA,6422
417,BR,DEOGHAR (DUMKA),JAMTARA,6433
418,BR,DEOGHAR (DUMKA),JHARMUNDI,6431
419,BR,DEOGHAR (DUMKA),KATHIKUND,6427
420,BR,DEOGHAR (DUMKA),MADHUPUR,6438
421,BR,DEOGHAR (DUMKA),MAHAGAMA,6437
422,BR,DEOGHAR (DUMKA),MAHESHPUR RAJ,6423
423,BR,DEOGHAR (DUMKA),NALA,6428
424,BR,DEOGHAR (DUMKA),PAKUR,6435
425,BR,DEOGHAR (DUMKA),RAJMAHAL,6426
426,BR,DEOGHAR (DUMKA),SAHIBGANJ,6436
427,BR,HAZARIBAGH,BAGODAR,6557
428,BR,HAZARIBAGH,BARHI,6543
429,BR,HAZARIBAGH,BARKAGAON,6551
430,BR,HAZARIBAGH,CHATRA,6541
431,BR,HAZARIBAGH,CHAVPARAN,6547
432,BR,HAZARIBAGH,DUMRI(ISRIBAZAR),6558
433,BR,HAZARIBAGH,GIRIDIH,6532
434,BR,HAZARIBAGH,HAZARIBAGH,6546
435,BR,HAZARIBAGH,HUNTERGANJ,6550
436,BR,HAZARIBAGH,ICHAK,6548
437,BR,HAZARIBAGH,JHUMARITALAIYA,6534
438,BR,HAZARIBAGH,MANDU,6545
439,BR,HAZARIBAGH,RAJDHANWAR,6554
440,BR,HAZARIBAGH,RAMGARH,6553
441,BR,HAZARIBAGH,SIMARIA,6559
442,BR,HAZARIBAGH,TISRI,6556
443,BR,JAMSHEDPUR,BAHARAGORA,6594
444,BR,JAMSHEDPUR,CHAIBASA,6582
445,BR,JAMSHEDPUR,CHAKARDHARPUR,6587
446,BR,JAMSHEDPUR,CHANDIL,6591
447,BR,JAMSHEDPUR,GHATSILA,6585
448,BR,JAMSHEDPUR,JAGARNATHPUR,6588
449,BR,JAMSHEDPUR,JAMSHEDPUR,657
450,BR,JAMSHEDPUR,JHINKPANI,6589
451,BR,JAMSHEDPUR,KHARSAWA,6583
452,BR,JAMSHEDPUR,MANOHARPUR,6593
453,BR,JAMSHEDPUR,NOAMUNDI,6596
454,BR,JAMSHEDPUR,SARAIKELA (ADSTYAPUR),6597
455,BR,RANCHI,BASIA,6533
456,BR,RANCHI,BOLWA,6539
457,BR,RANCHI,BUNDU,6530
458,BR,RANCHI,CHAINPUR,6535
459,BR,RANCHI,GHAGHRA,6523
460,BR,RANCHI,GUMLA,6524
461,BR,RANCHI,ITKI,6529
462,BR,RANCHI,KHUNTI,6528
463,BR,RANCHI,KOLEBIRA,6527
464,BR,RANCHI,LOHARDAGA,6526
465,BR,RANCHI,MANDAR,6531
466,BR,RANCHI,MURI,6522
467,BR,RANCHI,PALKOT,6536
468,BR,RANCHI,RANCHI,651
469,BR,RANCHI,SIMDEGA,6525
470,BR,RANCHI,TORPA,6538
471,BY,MUMBAI,MUMBAI,22
472,BY,MUMBAI,NAVI MUMBAI (TURBHE),215
473,GJ,AHMEDABAD,AHEMDABAD LOCAL,79
474,GJ,AHMEDABAD,BAREJA,2718
475,GJ,AHMEDABAD,BARWALA,2711
476,GJ,AHMEDABAD,DEHGAM,2716
477,GJ,AHMEDABAD,DHANDHUKA,2713
478,GJ,AHMEDABAD,DHOLKA,2714
479,GJ,AHMEDABAD,GANDHI NAGAR,2712
480,GJ,AHMEDABAD,SANAND,2717
481,GJ,AHMEDABAD,VIRAMGAM,2715
482,GJ,AMRELI,AMRELI,2792
483,GJ,AMRELI,BABRA,2791
484,GJ,AMRELI,DAMNAGAR,2793
485,GJ,AMRELI,DHARI,2797
486,GJ,AMRELI,KUNKAWAV,2796
487,GJ,AMRELI,RAJULA,2794
488,GJ,AMRELI,SAVARKUNDLA,2845
489,GJ,BHARUCH,AMOD,2641
490,GJ,BHARUCH,ANKLESHWAR,2646
491,GJ,BHARUCH,BHARUCH,2642
492,GJ,BHARUCH,DEDIAPADA,2649
493,GJ,BHARUCH,JAMBUSAR,2644
494,GJ,BHARUCH,JHAGADIA,2645
495,GJ,BHARUCH,RAJPIPLA,2640
496,GJ,BHARUCH,VALIA,2643
497,GJ,BHAVNAGAR,BHAVNAGAR,278
498,GJ,BHAVNAGAR,BOTAD,2849
499,GJ,BHAVNAGAR,GADHADA,2847
500,GJ,BHAVNAGAR,GARIADHAR,2843
501,GJ,BHAVNAGAR,MAHUVA,2844
502,GJ,BHAVNAGAR,PALITANA,2848
503,GJ,BHAVNAGAR,SIHOR,2846
504,GJ,BHAVNAGAR,TALAJA,2842
505,GJ,BHAVNAGAR,VALLABHIPUR,2841
506,GJ,BHUJ,ANJAR (GANDHIDHAM),2836
507,GJ,BHUJ,BHACHAV,2837
508,GJ,BHUJ,BHUJ,2832
509,GJ,BHUJ,GOGODAR,2806
510,GJ,BHUJ,KHAVDA,2803
511,GJ,BHUJ,KUTCHMANDVI,2834
512,GJ,BHUJ,LAKHPAT,2839
513,GJ,BHUJ,MUNDRA,2838
514,GJ,BHUJ,NAKHATRANA,2835
515,GJ,BHUJ,NALIA,2831
516,GJ,BHUJ,RAHPAR,2830
517,GJ,BHUJ,SUMRASAR,2808
518,GJ,GODHRA,DAHOD,2673
519,GJ,GODHRA,DEVGADHBARIA,2678
520,GJ,GODHRA,GODHRA,2672
521,GJ,GODHRA,HALOL,2676
522,GJ,GODHRA,JHALOD,2679
523,GJ,GODHRA,LIMKHEDA,2677
524,GJ,GODHRA,LUNAVADA,2674
525,GJ,GODHRA,SANTRAMPUR,2675
526,GJ,GODHRA,SHEHRA,2670
527,GJ,HIMATNAGAR,BAYAD,2779
528,GJ,HIMATNAGAR,BHILODA,2771
529,GJ,HIMATNAGAR,HIMATNAGAR,2772
530,GJ,HIMATNAGAR,IDAR,2778
531,GJ,HIMATNAGAR,KHEDBRAHMA,2775
532,GJ,HIMATNAGAR,MALPUR,2773
533,GJ,HIMATNAGAR,MODASA,2774
534,GJ,HIMATNAGAR,PRANTIJ,2770
535,GJ,JAMNAGAR,BHANVAD,2896
536,GJ,JAMNAGAR,DHROL,2897
537,GJ,JAMNAGAR,JAMJODHPUR,2898
538,GJ,JAMNAGAR,JAMKALYANPUR,2891
539,GJ,JAMNAGAR,JAMNAGAR,288
540,GJ,JAMNAGAR,JODIA,2893
541,GJ,JAMNAGAR,KALAWAD,2894
542,GJ,JAMNAGAR,KHAMBHALIA,2833
543,GJ,JAMNAGAR,LALPUR,2895
544,GJ,JAMNAGAR,OKHA,2892
545,GJ,JUNAGARH,JUNAGARH,285
546,GJ,JUNAGARH,KESHOD,2871
547,GJ,JUNAGARH,KODINAR,2795
548,GJ,JUNAGARH,KUTIYANA,2804
549,GJ,JUNAGARH,MALIA-HATINA,2870
550,GJ,JUNAGARH,MANAVADAR,2874
551,GJ,JUNAGARH,MANGROL,2878
552,GJ,JUNAGARH,PORBANDER,286
553,GJ,JUNAGARH,RANAVAV,2801
554,GJ,JUNAGARH,TALALA,2877
555,GJ,JUNAGARH,UNA-DIU,2875
556,GJ,JUNAGARH,VANTHALI,2872
557,GJ,JUNAGARH,VERAVAL,2876
558,GJ,JUNAGARH,VISAVADAR,2873
559,GJ,MEHSANA,CHANASMA,2734
560,GJ,MEHSANA,HARIJ,2733
561,GJ,MEHSANA,KALOL,2764
562,GJ,MEHSANA,KHERALU,2761
563,GJ,MEHSANA,MEHSANA,2762
564,GJ,MEHSANA,PATAN,2766
565,GJ,MEHSANA,SIDHPUR,2767
566,GJ,MEHSANA,VIJAPUR,2763
567,GJ,MEHSANA,VISNAGAR,2765
568,GJ,NADIAD,ANAND,2692
569,GJ,NADIAD,BALASINOR,2690
570,GJ,NADIAD,BORSAD,2696
571,GJ,NADIAD,KAPAD WANJ,2691
572,GJ,NADIAD,KHAMBAT,2698
573,GJ,NADIAD,KHEDA,2694
574,GJ,NADIAD,NADIAD,268
575,GJ,NADIAD,RETLAD,2697
576,GJ,NADIAD,THASRA,2699
577,GJ,PALANPUR,DANTA,2749
578,GJ,PALANPUR,DEESA,2744
579,GJ,PALANPUR,DEODAR,2735
580,GJ,PALANPUR,DHANERA,2748
581,GJ,PALANPUR,PALANPUR,2742
582,GJ,PALANPUR,RADHANPUR,2746
583,GJ,PALANPUR,SANTALPUR,2738
584,GJ,PALANPUR,THARA,2747
585,GJ,PALANPUR,THARAD,2737
586,GJ,PALANPUR,VADGAM,2739
587,GJ,PALANPUR,VAV,2740
588,GJ,RAJKOT,DHORAJI,2824
589,GJ,RAJKOT,GONDAL,2825
590,GJ,RAJKOT,JASDAN,2821
591,GJ,RAJKOT,JETPUR,2823
592,GJ,RAJKOT,KOTDASANGHANI,2827
593,GJ,RAJKOT,MALIYA MIYANA,2829
594,GJ,RAJKOT,MORVI,2822
595,GJ,RAJKOT,PADDHARI,2820
596,GJ,RAJKOT,RAJKOT,281
597,GJ,RAJKOT,UPLETA,2826
598,GJ,RAJKOT,WANKANER,2828
599,GJ,SURAT,BARDOLI,2622
600,GJ,SURAT,FORTSONGADH,2624
601,GJ,SURAT,M.M.MANGROL,2629
602,GJ,SURAT,MANDVI,2623
603,GJ,SURAT,NIZAR,2628
604,GJ,SURAT,SAYAN,2621
605,GJ,SURAT,SURAT,261
606,GJ,SURAT,VALOD,2625
607,GJ,SURAT,VYARA,2626
608,GJ,SURENDRANAGAR,CHOTILA,2751
609,GJ,SURENDRANAGAR,DASADA,2757
610,GJ,SURENDRANAGAR,DHRANGADHRA,2754
611,GJ,SURENDRANAGAR,HALVAD,2758
612,GJ,SURENDRANAGAR,LAKHTAR,2759
613,GJ,SURENDRANAGAR,LIMBDI,2753
614,GJ,SURENDRANAGAR,MULI,2756
615,GJ,SURENDRANAGAR,SAYLA,2755
616,GJ,SURENDRANAGAR,SURENDRANAGAR,2752
617,GJ,VADODARA,CHHOTA UDAIPUR,2669
618,GJ,VADODARA,DABHOI,2663
619,GJ,VADODARA,MIYAGAM,2666
620,GJ,VADODARA,NASWADI,2661
621,GJ,VADODARA,PADRA,2662
622,GJ,VADODARA,PAVIJETPUR,2664
623,GJ,VADODARA,SANKHEDA,2665
624,GJ,VADODARA,SAVLI,2667
625,GJ,VADODARA,VADODARA,265
626,GJ,VADODARA,WAGHODIA,2668
627,GJ,VALSAD,AHWA,2631
628,GJ,VALSAD,BANSADA,2630
629,GJ,VALSAD,BILLIMORA,2634
630,GJ,VALSAD,DHARAMPUR,2633
631,GJ,VALSAD,NAVSARI,2637
632,GJ,VALSAD,VALSAD,2632
633,GJ,VALSAD,VAPI,260
634,HA,AMBALA,AMBALA,171
635,HA,AMBALA,BARARA,1731
636,HA,AMBALA,CHAAHARAULI,1735
637,HA,AMBALA,JAGADHARI,1732
638,HA,AMBALA,KALKA,1733
639,HA,AMBALA,NARAINGARH,1734
640,HA,GURGAON,FARIDABAD,129
641,HA,GURGAON,FEROJPUR,1268
642,HA,GURGAON,GURGAON,124
643,HA,GURGAON,NUH,1267
644,HA,GURGAON,PALWAL,1275
645,HA,HISSAR,ADAMPUR MANDI,1669
646,HA,HISSAR,BARWALA,1693
647,HA,HISSAR,DABWALI,1668
648,HA,HISSAR,ELLENABAD,1698
649,HA,HISSAR,FATEHABAD,1667
650,HA,HISSAR,HANSI,1663
651,HA,HISSAR,HISSAR,1662
652,HA,HISSAR,KALANWALI,1696
653,HA,HISSAR,RATIA,1697
654,HA,HISSAR,SIRSA,1666
655,HA,HISSAR,TOHANA,1692
656,HA,JIND,JIND,1681
657,HA,JIND,JULANA,1683
658,HA,JIND,NARWANA,1684
659,HA,JIND,SAFIDON,1686
660,HA,KARNAL,ASSANDH,1749
661,HA,KARNAL,CHEEKA,1743
662,HA,KARNAL,GHARAUNDA,1748
663,HA,KARNAL,KAITHAL,1746
664,HA,KARNAL,KARNAL,184
665,HA,KARNAL,KURUKSHETRA,1744
666,HA,KARNAL,NILOKHERI,1745
667,HA,KARNAL,PANIPAT,180
668,HA,KARNAL,PEHOWA,1741
669,HA,NARNAUL,BAWAL,1284
670,HA,NARNAUL,JATUSANA,1281
671,HA,NARNAUL,KOSLI,1259
672,HA,NARNAUL,MOHINDERGARH,1285
673,HA,NARNAUL,NARNAUL,1282
674,HA,NARNAUL,REWARI,1274
675,HA,ROHTAK,BAHADURGARH,1276
676,HA,ROHTAK,BAWANIKHERA,1254
677,HA,ROHTAK,BHIWANI,1664
678,HA,ROHTAK,CHARKHIDADRI,1250
679,HA,ROHTAK,JHAJJAR,1251
680,HA,ROHTAK,KALANAUR,1258
681,HA,ROHTAK,LOHARU,1252
682,HA,ROHTAK,MEHAM,1257
683,HA,ROHTAK,ROHTAK,1262
684,HA,ROHTAK,SIWANI,1255
685,HA,ROHTAK,TOHSHAM,1253
686,HA,SONIPAT,GOHANA,1263
687,HA,SONIPAT,SONIPAT,130
688,HP,HAMIRPUR,AMB,1976
689,HP,HAMIRPUR,BILASPUR,1978
690,HP,HAMIRPUR,HAMIRPUR,1972
691,HP,HAMIRPUR,UNA,1975
692,HP,KANDRA (DHARAMSALA),PANGI (KILLAR),1897
693,HP,KANGRA (DHARAMSALA),BHARMOUR,1895
694,HP,KANGRA (DHARAMSALA),CHAMBA,1899
695,HP,KANGRA (DHARAMSALA),CHURAH (TISSA),1896
696,HP,KANGRA (DHARAMSALA),DEHRA GOPIPUR,1970
697,HP,KANGRA (DHARAMSALA),KANGRA (DHARAMSALA),1892
698,HP,KANGRA (DHARAMSALA),NURPUR,1893
699,HP,KANGRA (DHARAMSALA),PALAMPUR,1894
700,HP,KULLU,BANJAR,1903
701,HP,KULLU,KULLU,1902
702,HP,KULLU,LAHUL (KEYLONG),1900
703,HP,KULLU,NIRMAND,1904
704,HP,KULLU,SPITI (KAZA),1906
705,HP,KULLU,UDAIPUR,1909
706,HP,MANDI,JOGINDERNAGAR 705,1908
707,HP,MANDI,MANDI,1905
708,HP,MANDI,SUNDERNAGAR,1907
709,HP,SHIMLA,KALPA,1786
710,HP,SHIMLA,POOH,1785
711,HP,SHIMLA,RAMPUR BUSHAHAR,1782
712,HP,SHIMLA,ROHRU,1781
713,HP,SHIMLA,SHIMLA,177
714,HP,SHIMLA,THEOG,1783
715,HP,SOLAN,ARKI,1796
716,HP,SOLAN,NAHAN,1702
717,HP,SOLAN,NALAGARH,1795
718,HP,SOLAN,PAONTA,1704
719,HP,SOLAN,RAJGARH,1799
720,HP,SOLAN,SOLAN,1792
721,JK,JAMMU,AKHNOOR,1924
722,JK,JAMMU,BASHOLI,1921
723,JK,JAMMU,JAMMU,191
724,JK,JAMMU,KATHUA,1922
725,JK,JAMMU,SAMBA,1923
726,JK,LEH,KARGIL,1985
727,JK,LEH,LEH,1982
728,JK,LEH,NOBRA,1980
729,JK,LEH,NYOMA,1981
730,JK,LEH,ZANASKAR,1983
731,JK,RAJOURI,KALAKOT,1964
732,JK,RAJOURI,NOWSHERA,1960
733,JK,RAJOURI,POONCH,1965
734,JK,RAJOURI,RAJOURI,1962
735,JK,SRINAGAR,ANANTNAG,1932
736,JK,SRINAGAR,BADGAM,1951
737,JK,SRINAGAR,BANDIPUR,1957
738,JK,SRINAGAR,BARAMULLA,1952
739,JK,SRINAGAR,KARNAH,1958
740,JK,SRINAGAR,KULGAM,1931
741,JK,SRINAGAR,KUPWARA,1955
742,JK,SRINAGAR,PAHALGAM,1936
743,JK,SRINAGAR,PULWAMA,1933
744,JK,SRINAGAR,SOPORE,1954
745,JK,SRINAGAR,SRINAGAR,194
746,JK,SRINAGAR,URI,1956
747,JK,UDHAMPUR,BEDARWAH,1997
748,JK,UDHAMPUR,DODA,1996
749,JK,UDHAMPUR,KISHTWAR,1995
750,JK,UDHAMPUR,MAHORE,1999
751,JK,UDHAMPUR,RAMBAN,1998
752,JK,UDHAMPUR,RAMNAGAR,1990
753,JK,UDHAMPUR,REASI,1991
754,JK,UDHAMPUR,UDHAMPUR,1992
755,KL,ALLEPPY,ALLEPPEY,477
756,KL,ALLEPPY,MAVELIKKARA,479
757,KL,ALLEPPY,SHERTALLAI,478
758,KL,CALICUT (KOZHIKODE),BADAGARA,496
759,KL,CALICUT (KOZHIKODE),CALICUT,495
760,KL,CALICUT (KOZHIKODE),KALPETTA,4936
761,KL,CALICUT (KOZHIKODE),MANANTHODY,4935
762,KL,CALICUT (KOZHIKODE),MANJERI,483
763,KL,CALICUT (KOZHIKODE),NILAMBUR,4931
764,KL,CALICUT (KOZHIKODE),PERINTHALMANNA,4933
765,KL,CALICUT (KOZHIKODE),TIRUR,494
766,KL,CANNANORE,CANNANORE,497
767,KL,CANNANORE,KANHANGAD,4997
768,KL,CANNANORE,KASARGODE,4994
769,KL,CANNANORE,PAYYANUR,4985
770,KL,CANNANORE,TALIPARAMBA,4982
771,KL,CANNANORE,TELLICHERRY,490
772,KL,CANNANORE,UPPALA,4998
773,KL,ERNAKULAM,ADIMALY,4864
774,KL,ERNAKULAM,ERNAKULAM,484
775,KL,ERNAKULAM,MUNNAR,4865
776,KL,ERNAKULAM,MUVATTUPUZHA,485
777,KL,ERNAKULAM,NEDUMGANDAM,4868
778,KL,ERNAKULAM,PEERMEDU,4869
779,KL,ERNAKULAM,THODUPUZHA,4862
780,KL,KAVARATHY,AGATHY,4894
781,KL,KAVARATHY,AMINI,4891
782,KL,KAVARATHY,ANDROTH,4893
783,KL,KAVARATHY,BITRA,4890
784,KL,KAVARATHY,CHETLAT,4899
785,KL,KAVARATHY,KADAMATH,4897
786,KL,KAVARATHY,KALPENI,4895
787,KL,KAVARATHY,KAVARATHY,4896
788,KL,KAVARATHY,KILTAN,4898
789,KL,KAVARATHY,MINICOY,4892
790,KL,KOTTAYAM,KANJIRAPALLY,4828
791,KL,KOTTAYAM,KOTTAYAM,481
792,KL,KOTTAYAM,PALAI,4822
793,KL,KOTTAYAM,VAIKOM,4829
794,KL,PALGHAT,ALATHUR,4922
795,KL,PALGHAT,KODUVAYUR,4923
796,KL,PALGHAT,MANNARGHAT,4924
797,KL,PALGHAT,PALGHAT,491
798,KL,PALGHAT,SHORANUR,4926
799,KL,QUILON,KARUNAGAPALLY,476
800,KL,QUILON,PUNALUR,475
801,KL,QUILON,QUILON,474
802,KL,THIRUVANANTHAPURAM,ATTINGAL,470
803,KL,THIRUVANANTHAPURAM,NEDUMANDAD,4728
804,KL,THIRUVANANTHAPURAM,THIRUVANANTHAPURAM,471
805,KL,TIRUVALLA,ADOOR,4734
806,KL,TIRUVALLA,PATHANAMTHITTA,4733
807,KL,TIRUVALLA,RANNI,4735
808,KL,TIRUVALLA,TIRUVALLA,469
809,KL,TRICHUR,IRINJALAKUDA,480
810,KL,TRICHUR,KUNNAMKULAM,4885
811,KL,TRICHUR,TRICHUR,487
812,KL,TRICHUR,VADAKKANCHERY,4884
813,KT,BANGALORE,ANEKAL,8110
814,KT,BANGALORE,BANGALORE,80
815,KT,BANGALORE,CHANNAPATNA,8113
816,KT,BANGALORE,DODDABALLAPUR,8119
817,KT,BANGALORE,HOSAKOTE,8111
818,KT,BANGALORE,KANAKAPURA,8117
819,KT,BANGALORE,NELAMANGALA,8118
820,KT,BELGAUM,AINAPUR,8339
821,KT,BELGAUM,ATHANI,8289
822,KT,BELGAUM,BAILHONGAL,8288
823,KT,BELGAUM,BELGAUM,831
824,KT,BELGAUM,CHIKKODI,8338
825,KT,BELGAUM,GOKAK,8332
826,KT,BELGAUM,HUKKERI (SANKESHWAR),8333
827,KT,BELGAUM,KHANAPUR,8336
828,KT,BELGAUM,MUDALGI,8334
829,KT,BELGAUM,MURUGOD,8337
830,KT,BELGAUM,RAIBAG (KUDCHI),8331
831,KT,BELGAUM,RAMDURG,8335
832,KT,BELGAUM,SAUNDATTI,8330
833,KT,BELLARY,BELLARY,8392
834,KT,BELLARY,H.B.HALLI,8397
835,KT,BELLARY,HARAPANAHALLI,8398
836,KT,BELLARY,HOSPET,8394
837,KT,BELLARY,HUVINAHADAGALI,8399
838,KT,BELLARY,KUDLIGI,8391
839,KT,BELLARY,KURUGODU,8393
840,KT,BELLARY,SANDUR,8395
841,KT,BELLARY,SIRUGUPPA,8396
842,KT,BIDAR,AURAD,8485
843,KT,BIDAR,BASAVAKALYAN,8481
844,KT,BIDAR,BHALKI,8484
845,KT,BIDAR,BIDAR,8482
846,KT,BIDAR,HUMNABAD,8483
847,KT,BIJAPUR,BABLESHWAR,8355
848,KT,BIJAPUR,BADAMI,8357
849,KT,BIJAPUR,BAGALKOT,8354
850,KT,BIJAPUR,BASAVANABAGEWADI,8358
851,KT,BIJAPUR,BIJAPUR,8352
852,KT,BIJAPUR,BILIGI,8425
853,KT,BIJAPUR,CHADCHAN,8422
854,KT,BIJAPUR,DEVARAHIPPARGI,8424
855,KT,BIJAPUR,HUNGUND,8351
856,KT,BIJAPUR,INDI,8359
857,KT,BIJAPUR,JAMKHANDI,8353
858,KT,BIJAPUR,MUDDEBIHAL,8356
859,KT,BIJAPUR,MUDHOL,8350
860,KT,BIJAPUR,SINDAGI,8488
861,KT,BIJAPUR,TELGI,8426
862,KT,CHIKMAGALUR,CHIKMAGALUR,8262
863,KT,CHIKMAGALUR,KADUR,8267
864,KT,CHIKMAGALUR,KOPPA,8265
865,KT,CHIKMAGALUR,MUDIGERE,8263
866,KT,CHIKMAGALUR,NARSIMHARAJAPUR,8266
867,KT,CHIKMAGALUR,TARIKERE,8261
868,KT,DAKSHIN KANADA,BANTWAL,8255
869,KT,DAKSHIN KANADA (MANGALORE),BELTHANGADY,8256
870,KT,DAKSHIN KANADA,HEBRI,8253
871,KT,DAKSHIN KANADA (MANGALORE),KARKALA,8258
872,KT,DAKSHIN KANADA,KUNDAPUR,8254
873,KT,DAKSHIN KANADA (MANGALORE),MANGALORE,824
874,KT,DAKSHIN KANADA,PUTTUR,8251
875,KT,DAKSHIN KANADA (MANGALORE),SHANKARNARAYANA,8259
876,KT,DAKSHIN KANADA,SULLIA,8257
877,KT,DAKSHIN KANADA (MANGALORE),UDUPI,820
878,KT,DEVANGERE,CHALLAKERE,8195
879,KT,DEVANGERE,CHITRADURGA,8194
880,KT,DEVANGERE,DAVANGERE,8192
881,KT,DEVANGERE,HIRIYUR,8193
882,KT,DEVANGERE,HOLALKERE,8191
883,KT,DEVANGERE,HOSADURGA,8199
884,KT,DEVANGERE,JAGALUR,8196
885,KT,DEVANGERE,MOLKALMURU,8198
886,KT,DEVANGERE,TALLAK,8190
887,KT,GULBARGA,AFZALPUR,8470
888,KT,GULBARGA,ALAND,8477
889,KT,GULBARGA,CHINCHOLI,8475
890,KT,GULBARGA,CHITTAPUR,8474
891,KT,GULBARGA,GULBARGA,8472
892,KT,GULBARGA,HUNSAGI,8444
893,KT,GULBARGA,JEWARGI,8442
894,KT,GULBARGA,KAMALAPUR,8478
895,KT,GULBARGA,MASHAL,8471
896,KT,GULBARGA,NIMBURGA,8440
897,KT,GULBARGA,SEDAM,8441
898,KT,GULBARGA,SHAHAPUR,8479
899,KT,GULBARGA,SHORAPUR,8443
900,KT,GULBARGA,WADI,8476
901,KT,GULBARGA,YADGIRI,8473
902,KT,HASSAN,ALUR,8170
903,KT,HASSAN,ARSIKERE,8174
904,KT,HASSAN,BELUR,8177
905,KT,HASSAN,CANNARAYAPATNA,8176
906,KT,HASSAN,HASSAN,8172
907,KT,HASSAN,HOLENARASIPUR,8175
908,KT,HASSAN,SAKLESHPUR,8173
909,KT,HUBLI,GADAG,8372
910,KT,HUBLI,HANGAL,8379
911,KT,HUBLI,HAVERI,8375
912,KT,HUBLI,HIREKERUR,8376
913,KT,HUBLI,HUBLI,836
914,KT,HUBLI,KALGHATAGI,8370
915,KT,HUBLI,KUNDGOL,8304
916,KT,HUBLI,MUNDARGI,8371
917,KT,HUBLI,NARGUND,8377
918,KT,HUBLI,NAVALGUND,8380
919,KT,HUBLI,RANEBENNUR,8373
920,KT,HUBLI,RON,8381
921,KT,HUBLI,SAVANUR,8378
922,KT,HUBLI,SHIRAHATTI,8487
923,KT,KODAGU (MADIKERA),MADIKERI,8272
924,KT,KODAGU (MADIKERA),SOMWARPET,8276
925,KT,KODAGU (MADIKERA),VIRAJPET,8274
926,KT,KOLAR,BAGEPALLI,8150
927,KT,KOLAR,BANGARPET,8153
928,KT,KOLAR,CHIKKABALLAPUR,8156
929,KT,KOLAR,CHINTAMANI,8154
930,KT,KOLAR,GOWRIBIDANUR,8155
931,KT,KOLAR,KOLAR,8152
932,KT,KOLAR,MALUR,8151
933,KT,KOLAR,MULBAGAL,8159
934,KT,KOLAR,SIDLAGHATTA,8158
935,KT,KOLAR,SRINIVASAPUR,8157
936,KT,MANDYA,KRISHNARAJAPET,8230
937,KT,MANDYA,MALAVALLI,8231
938,KT,MANDYA,MANDYA,8232
939,KT,MANDYA,NAGAMANGALA,8234
940,KT,MANDYA,PANDAVPURA,8236
941,KT,MYSORE,CHAMRAJNAGAR,8226
942,KT,MYSORE,COWDAHALLI,8225
943,KT,MYSORE,GUNDLUPET,8229
944,KT,MYSORE,H.D.KOTE,8228
945,KT,MYSORE,HUNSUR,8222
946,KT,MYSORE,K.R.NAGAR,8223
947,KT,MYSORE,KOLLEGAL,8224
948,KT,MYSORE,MYSORE,821
949,KT,MYSORE,NANJANGUD,8221
950,KT,MYSORE,T.NARSIPUR,8227
951,KT,RAICHUR,DEODURGA,8531
952,KT,RAICHUR,GANGAVATHI,8533
953,KT,RAICHUR,KOPPAL,8539
954,KT,RAICHUR,KUSTAGI,8536
955,KT,RAICHUR,LINGSUGUR,8537
956,KT,RAICHUR,MANVI,8538
957,KT,RAICHUR,RAICHUR,8532
958,KT,RAICHUR,SINDHANUR,8535
959,KT,RAICHUR,YELBURGA,8534
960,KT,SHIMOGA,BASAVAPATNA,8180
961,KT,SHIMOGA,BHADRAVATI,8282
962,KT,SHIMOGA,CHANNAGIRI,8189
963,KT,SHIMOGA,HONNALI,8188
964,KT,SHIMOGA,HOSANAGARA,8185
965,KT,SHIMOGA,KARGAL,8186
966,KT,SHIMOGA,SAGAR,8183
967,KT,SHIMOGA,SHIKARIPURA,8187
968,KT,SHIMOGA,SHIMOGA,8182
969,KT,SHIMOGA,SORAB,8184
970,KT,SHIMOGA,THIRTHAHALLI,8181
971,KT,TUMKUR,CHIKKANAYAKANAHALLI,8133
972,KT,TUMKUR,GUBBI,8131
973,KT,TUMKUR,KORATAGERI,8138
974,KT,TUMKUR,KUNIGAL,8132
975,KT,TUMKUR,MADUGIRI,8137
976,KT,TUMKUR,PAVAGADA,8136
977,KT,TUMKUR,SIRA,8135
978,KT,TUMKUR,TIPTUR,8134
979,KT,TUMKUR,TUMKUR,816
980,KT,TUMKUR,TURUVEKERE,8139
981,KT,UTTAR KANADA,ANKOLA,8388
982,KT,UTTAR KANADA,BHATKAL,8385
983,KT,UTTAR KANADA (KARWAR),HALIYAL,8284
984,KT,UTTAR KANADA,HONNAVAR,8387
985,KT,UTTAR KANADA (KARWAR),JOIDA,8383
986,KT,UTTAR KANADA,KARWAR,8382
987,KT,UTTAR KANADA (KARWAR),KUMTA,8386
988,KT,UTTAR KANADA,MUNDAGOD,8301
989,KT,UTTAR KANADA (KARWAR),SALKANI,8283
990,KT,UTTAR KANADA,SIDDAPUR,8389
991,KT,UTTAR KANADA (KARWAR),SIRSI,8384
992,KT,UTTAR KANADA,YELLAPUR,8419
993,MH,AHMEDNAGAR,AHMEDNAGAR,241
994,MH,AHMEDNAGAR,AKOLE,2424
995,MH,AHMEDNAGAR,JAMKHED,2421
996,MH,AHMEDNAGAR,KARJAT,2489
997,MH,AHMEDNAGAR,KOPARAGON,2423
998,MH,AHMEDNAGAR,NEWASA,2427
999,MH,AHMEDNAGAR,PARNER,2488
1000,MH,AHMEDNAGAR,PATHARDI,2428
1001,MH,AHMEDNAGAR,RAHURI,2426
1002,MH,AHMEDNAGAR,SANGAMNER,2425
1003,MH,AHMEDNAGAR,SHEVGAON,2429
1004,MH,AHMEDNAGAR,SHRI RAMPUR,2422
1005,MH,AHMEDNAGAR,SHRIGONDA,2487
1006,MH,AKOLA,AKOLA,724
1007,MH,AKOLA,AKOT,7258
1008,MH,AKOLA,BALAPUR,7257
1009,MH,AKOLA,BARSHI TAKLI,7255
1010,MH,AKOLA,MALGAON,7254
1011,MH,AKOLA,MANGRULPUR,7253
1012,MH,AKOLA,MURTIZAPUR,7256
1013,MH,AKOLA,RISOD,7251
1014,MH,AKOLA,WASHIM,7252
1015,MH,AMRAVATI,ACHALPUR,7223
1016,MH,AMRAVATI,AMRAVATI,721
1017,MH,AMRAVATI,CHANDURBAZAR,7227
1018,MH,AMRAVATI,CHANDURRLY,7222
1019,MH,AMRAVATI,CHHIKALDARA,7220
1020,MH,AMRAVATI,DARYAPUR,7224
1021,MH,AMRAVATI,DHARANI,7226
1022,MH,AMRAVATI,MORSHI,7228
1023,MH,AMRAVATI,NANDGAON,7221
1024,MH,AMRAVATI,TIWASA,7225
1025,MH,AMRAVATI,WARLYDWARUD,7229
1026,MH,AURANGABAD,AURANGABAD,2432
1027,MH,AURANGABAD,GANGAPUR,2433
1028,MH,AURANGABAD,GOLEGAON,2439
1029,MH,AURANGABAD,KANNAD,2435
1030,MH,AURANGABAD,KHULTABAD,2437
1031,MH,AURANGABAD,PAITHAN,2431
1032,MH,AURANGABAD,SILLOD,2430
1033,MH,AURANGABAD,SOYEGAON,2438
1034,MH,AURANGABAD,VIJAPUR,2436
1035,MH,BHANDARA,AMAGAON,7189
1036,MH,BHANDARA,ARJUNI-MEROGAON,7196
1037,MH,BHANDARA,BHANDARA,7184
1038,MH,BHANDARA,DEORI,7199
1039,MH,BHANDARA,GONDIA,7182
1040,MH,BHANDARA,GOREGAON,7187
1041,MH,BHANDARA,LAKHANDUR,7181
1042,MH,BHANDARA,MOHADI,7197
1043,MH,BHANDARA,PAUNI,7185
1044,MH,BHANDARA,SAKOLI,7186
1045,MH,BHANDARA,SALEKASA,7180
1046,MH,BHANDARA,TIRORA,7198
1047,MH,BHANDARA,TUMSAR,7183
1048,MH,BHIR,AMBEJOGAI,2446
1049,MH,BHIR,ASHTI,2441
1050,MH,BHIR,BHIR,2442
1051,MH,BHIR,GEVRAI,2447
1052,MH,BHIR,KAIJ,2445
1053,MH,BHIR,MANJALEGAON,2443
1054,MH,BHIR,PATODA,2444
1055,MH,BULDHANA,BULDHANA,7262
1056,MH,BULDHANA,CHIKHALI,7264
1057,MH,BULDHANA,DEOLGAONRAJA,7261
1058,MH,BULDHANA,JALGAONJAMOD,7266
1059,MH,BULDHANA,KHAMGAON,7263
1060,MH,BULDHANA,LONAR,7260
1061,MH,BULDHANA,MALKAPUR,7267
1062,MH,BULDHANA,MEKHAR,7268
1063,MH,BULDHANA,NANDNVA,7279
1064,MH,BULDHANA,SINDKHEDARAJA,7269
1065,MH,CHANDRAPUR,BHADRAWATI,7175
1066,MH,CHANDRAPUR,BRAHMAPURI,7177
1067,MH,CHANDRAPUR,CHANDRAPUR,7172
1068,MH,CHANDRAPUR,CHUMUR,7170
1069,MH,CHANDRAPUR,GOND PIPRI,7171
1070,MH,CHANDRAPUR,MUL,7174
1071,MH,CHANDRAPUR,NAGBHIR,7179
1072,MH,CHANDRAPUR,RAJURA,7173
1073,MH,CHANDRAPUR,SINDERWAHI,7178
1074,MH,CHANDRAPUR,WARORA,7176
1075,MH,DHULIA,DHADGAON,2595
1076,MH,DHULIA,DHULE,2562
1077,MH,DHULIA,KUSUMBA,2560
1078,MH,DHULIA,NANDURBAR,2564
1079,MH,DHULIA,NAVAPUR,2569
1080,MH,DHULIA,PIMPALNER,2561
1081,MH,DHULIA,SAKRI,2568
1082,MH,DHULIA,SHAHADA,2565
1083,MH,DHULIA,SHIRPUR,2563
1084,MH,DHULIA,SINDKHEDA,2566
1085,MH,DHULIA,TALODA,2567
1086,MH,GADCHIROLI,AHERI,7133
1087,MH,GADCHIROLI,BHAMREGADH,7134
1088,MH,GADCHIROLI,CHAMORSHI,7135
1089,MH,GADCHIROLI,DESAIGANJ,7137
1090,MH,GADCHIROLI,DHANORA,7138
1091,MH,GADCHIROLI,ETAPALLI,7136
1092,MH,GADCHIROLI,GADCHIROLI,7132
1093,MH,GADCHIROLI,KURKHEDA,7139
1094,MH,GADCHIROLI,SIRONCHA,7131
1095,MH,JALGAON,AMALNER,2587
1096,MH,JALGAON,BHUSAWAL,2582
1097,MH,JALGAON,CHALISGAON,2589
1098,MH,JALGAON,CHOPDA,2586
1099,MH,JALGAON,EDALABAD,2583
1100,MH,JALGAON,ERANDUL,2588
1101,MH,JALGAON,JALGAON,257
1102,MH,JALGAON,JAMNER,2580
1103,MH,JALGAON,PACHORA,2596
1104,MH,JALGAON,PAROLA,2597
1105,MH,JALGAON,RAVER,2584
1106,MH,JALGAON,YAWAL,2585
1107,MH,JALNA,AMBAD,2483
1108,MH,JALNA,BHOKARDAN,2485
1109,MH,JALNA,JALNA,2482
1110,MH,JALNA,NER,2481
1111,MH,JALNA,PARTUR,2484
1112,MH,KALYAN,BASSEIN,250
1113,MH,KALYAN,BHIWANDI,2522
1114,MH,KALYAN,DAHANU,2528
1115,MH,KALYAN,JAWAHAR,2520
1116,MH,KALYAN,KALYAN,251
1117,MH,KALYAN,MOKHADA,2529
1118,MH,KALYAN,MURBAD,2524
1119,MH,KALYAN,PALGHAR,2525
1120,MH,KALYAN,SHAHAPUR,2527
1121,MH,KALYAN,TALASARI,2521
1122,MH,KALYAN,WADA,2526
1123,MH,KOLHAPUR,AJARA,2323
1124,MH,KOLHAPUR,BHUDARGAD (GARGOTI),2599
1125,MH,KOLHAPUR,CHANDGAD,2320
1126,MH,KOLHAPUR,GADHINGLAJ,2327
1127,MH,KOLHAPUR,GAGANBAVADA,2326
1128,MH,KOLHAPUR,HATKANGALE (ICHALKARANJI),2324
1129,MH,KOLHAPUR,KAGAL (MURGUD),2325
1130,MH,KOLHAPUR,KOLHAPUR,231
1131,MH,KOLHAPUR,PANHALA,2328
1132,MH,KOLHAPUR,RADHANAGAR,2321
1133,MH,KOLHAPUR,SHAHUWADI (MALAKAPUR),2329
1134,MH,KOLHAPUR,SHIROL (JALSINGPUR),2322
1135,MH,KUDAL,DEOGAD,2364
1136,MH,KUDAL,KANKAVALI,2367
1137,MH,KUDAL,KUDAL,2362
1138,MH,KUDAL,MALWAN,2365
1139,MH,KUDAL,SAWANTWADI,2363
1140,MH,KUDAL,VENGURLA,2366
1141,MH,LATUR,AHMEDPUR,2381
1142,MH,LATUR,AUSA,2383
1143,MH,LATUR,LATUR,2382
1144,MH,LATUR,NILANGA,2384
1145,MH,LATUR,UDGIR,2385
1146,MH,NAGPUR,BHIWAPUR,7106
1147,MH,NAGPUR,BUTIBORI,7103
1148,MH,NAGPUR,HINGUA,7104
1149,MH,NAGPUR,KALMESHWAR,7118
1150,MH,NAGPUR,KAMPTEE,7109
1151,MH,NAGPUR,KATOL,7112
1152,MH,NAGPUR,KUHI,7100
1153,MH,NAGPUR,MOUDA,7115
1154,MH,NAGPUR,NAGPUR,712
1155,MH,NAGPUR,NARKHED,7105
1156,MH,NAGPUR,PARSEONI,7102
1157,MH,NAGPUR,RAMTEK,7114
1158,MH,NAGPUR,SAONER,7113
1159,MH,NAGPUR,UMRER,7116
1160,MH,NANDED,BHOKAR,2467
1161,MH,NANDED,BILLOLI,2465
1162,MH,NANDED,DEGLOOR,2463
1163,MH,NANDED,DELHI TANDA,2460
1164,MH,NANDED,HADGAON,2468
1165,MH,NANDED,KANDHAR,2466
1166,MH,NANDED,KINWAT,2469
1167,MH,NANDED,MUKHED,2461
1168,MH,NANDED,NANDED,2462
1169,MH,NASIK,CHANWAD,2556
1170,MH,NASIK,DINDORI,2557
1171,MH,NASIK,IGATPURI,2553
1172,MH,NASIK,KALWAN,2592
1173,MH,NASIK,MALEGAON,2554
1174,MH,NASIK,MANMAD,2591
1175,MH,NASIK,NANDGAON,2552
1176,MH,NASIK,NASIKCITY,253
1177,MH,NASIK,NIPHAD,2550
1178,MH,NASIK,PEINT,2558
1179,MH,NASIK,SATANA,2555
1180,MH,NASIK,SINNAR,2551
1181,MH,NASIK,SURGENA,2593
1182,MH,NASIK,TRIMBAK,2594
1183,MH,NASIK,UMRANE,2598
1184,MH,NASIK,YEOLA,2559
1185,MH,OSMANABAD,BHOOM,2478
1186,MH,OSMANABAD,KALLAM,2473
1187,MH,OSMANABAD,OMERGA,2475
1188,MH,OSMANABAD,OSMANABAD,2472
1189,MH,OSMANABAD,PARANDA,2477
1190,MH,OSMANABAD,TULJAPUR,2471
1191,MH,PANJI,CANACONA (QUEPEM),8346
1192,MH,PANJI,MARGAO,8342
1193,MH,PANJI,PANJI,832
1194,MH,PANJI,PONDA,8343
1195,MH,PANJI,SANGUEM,8345
1196,MH,PARBHANI,BASMATNAGAR,2454
1197,MH,PARBHANI,GANGAKHED,2453
1198,MH,PARBHANI,HINGOLI,2456
1199,MH,PARBHANI,JINTDOR,2457
1200,MH,PARBHANI,KALAMNURI,2455
1201,MH,PARBHANI,PARBHANI,2452
1202,MH,PARBHANI,PATHARI,2451
1203,MH,PEN,ALIBAGH,2141
1204,MH,PEN,KARJAT,2148
1205,MH,PEN,KHOPOLI,2192
1206,MH,PEN,MAHAD,2145
1207,MH,PEN,MAHASALA,2149
1208,MH,PEN,MANGAON,2140
1209,MH,PEN,MURUD,2144
1210,MH,PEN,PALI,2142
1211,MH,PEN,PEN,2143
1212,MH,PEN,POLADPUR,2191
1213,MH,PEN,ROHA,2194
1214,MH,PEN,SHRIVARDHAN,2147
1215,MH,PUNE,BARAMATI,2112
1216,MH,PUNE,BHOR,2113
1217,MH,PUNE,CHINCHWAD,212
1218,MH,PUNE,DAUND,2117
1219,MH,PUNE,INDAPUR,2111
1220,MH,PUNE,JUNNAR,2132
1221,MH,PUNE,KEDGAON,2119
1222,MH,PUNE,KHADAKWASALA,230
1223,MH,PUNE,LONAVALA,2114
1224,MH,PUNE,MANCHAR,2133
1225,MH,PUNE,NAHAVARA,2137
1226,MH,PUNE,PIRANGUT,2139
1227,MH,PUNE,PUNE,20
1228,MH,PUNE,RAJGURUNAGAR,2135
1229,MH,PUNE,SASWAD,2115
1230,MH,PUNE,SHIRUR,2138
1231,MH,PUNE,URLIKANCHAN,2136
1232,MH,PUNE,VELHE,2130
1233,MH,PUNE,WALCHANDNAGAR,2118
1234,MH,RATNAGIRI,CHIPLUN,2355
1235,MH,RATNAGIRI,DAPOLI,2358
1236,MH,RATNAGIRI,GUHAGAR,2359
1237,MH,RATNAGIRI,KHED,2356
1238,MH,RATNAGIRI,LANGA,2351
1239,MH,RATNAGIRI,MADANGAD,2350
1240,MH,RATNAGIRI,MALGUND,2357
1241,MH,RATNAGIRI,RAJAPUR,2353
1242,MH,RATNAGIRI,RATNAGIRI,2352
1243,MH,RATNAGIRI,SANGANESHWAR (DEORUKH),2354
1244,MH,SANGLI,ATPADI,2343
1245,MH,SANGLI,ISLAMPUR,2342
1246,MH,SANGLI,JATH,2344
1247,MH,SANGLI,KAVATHEMANKAL,2341
1248,MH,SANGLI,SANGLI,233
1249,MH,SANGLI,SHIRALA,2345
1250,MH,SANGLI,TASGAON,2346
1251,MH,SANGLI,VITA,2347
1252,MH,SATARA,DHIWADI,2165
1253,MH,SATARA,KARAD,2164
1254,MH,SATARA,KOREGAON,2163
1255,MH,SATARA,MAHABALESWAR,2168
1256,MH,SATARA,MAHASWAD,2373
1257,MH,SATARA,MEDHA,2378
1258,MH,SATARA,PATAN,2372
1259,MH,SATARA,PHALTAN,2166
1260,MH,SATARA,PUSEGAON,2375
1261,MH,SATARA,SAKARWADI,2160
1262,MH,SATARA,SATARA,2162
1263,MH,SATARA,SHIRWAL,2169
1264,MH,SATARA,VADUJ,2161
1265,MH,SATARA,WAI,2167
1266,MH,SATARA,WATHAR,2371
1267,MH,SHOLAPUR,AKKALKOT,2181
1268,MH,SHOLAPUR,BARSI,2184
1269,MH,SHOLAPUR,KARMALA,2182
1270,MH,SHOLAPUR,MADHA,2183
1271,MH,SHOLAPUR,MALSURAS,2185
1272,MH,SHOLAPUR,MANGALWEDHA,2188
1273,MH,SHOLAPUR,MOHOL,2189
1274,MH,SHOLAPUR,PANDHARPUR,2186
1275,MH,SHOLAPUR,SANGOLA,2187
1276,MH,SHOLAPUR,SHOLAPUR,217
1277,MH,WARDHA,ARVI,7157
1278,MH,WARDHA,DEOLI,7158
1279,MH,WARDHA,HINGANGHAT,7153
1280,MH,WARDHA,SAMUDRAPUR,7151
1281,MH,WARDHA,SELOO,7155
1282,MH,WARDHA,TALEGAOKARANGAL,7156
1283,MH,WARDHA,WARDHA,7152
1284,MH,YEOTMAL,BABHULGAON,7203
1285,MH,YEOTMAL,DARWAHA,7238
1286,MH,YEOTMAL,DIGRAS,7234
1287,MH,YEOTMAL,GHATANJI,7230
1288,MH,YEOTMAL,KALAMB,7201
1289,MH,YEOTMAL,MAREGAON,7236
1290,MH,YEOTMAL,MARIGAON,7237
1291,MH,YEOTMAL,PANDHARKAWADA,7235
1292,MH,YEOTMAL,PUSAD,7233
1293,MH,YEOTMAL,RALEGAON,7202
1294,MH,YEOTMAL,UMARKHED,7231
1295,MH,YEOTMAL,WANI,7239
1296,MH,YEOTMAL,YEOTMAL,7232
1297,MP,BILASPUR,BARPALLI,7813
1298,MP,BILASPUR,BILASPUR,7752
1299,MP,BILASPUR,CHANDIPARA,7818
1300,MP,BILASPUR,DABHARA,7758
1301,MP,BILASPUR,JANJGIR,7817
1302,MP,BILASPUR,KATHGHORA,7815
1303,MP,BILASPUR,KORBA,7759
1304,MP,BILASPUR,KOTA,7753
1305,MP,BILASPUR,LORMI,7756
1306,MP,BILASPUR,MARWAHI,7750
1307,MP,BILASPUR,MUNGELI,7755
1308,MP,BILASPUR,PALI,7816
1309,MP,BILASPUR,PANDARIA,7754
1310,MP,BILASPUR,PANDISHANKAR,7819
1311,MP,BILASPUR,PASAN,7811
1312,MP,BILASPUR,PENDRA,7751
1313,MP,BILASPUR,SHAKTI,7757
1314,MP,BILASPUR,UPRODA,7810
1315,MP,DURG,BALOD,7749
1316,MP,DURG,BEMETARA,7824
1317,MP,DURG,BERLA,7825
1318,MP,DURG,BODLA,7740
1319,MP,DURG,CHHURIAKALA,7745
1320,MP,DURG,CHUIKHADAN,7743
1321,MP,DURG,DALLIRAJHARA,7748
1322,MP,DURG,DHAMDA,7821
1323,MP,DURG,DONGARGARH,7823
1324,MP,DURG,DURG,788
1325,MP,DURG,KAWARDHA,7741
1326,MP,DURG,KHAIRAGARH,7820
1327,MP,DURG,MANPUR,7746
1328,MP,DURG,MOHLA,7747
1329,MP,DURG,PATAN,7826
1330,MP,DURG,RAJANDGAON,7744
1331,MP,JAGDALPUR,ANTAGARH,7847
1332,MP,JAGDALPUR,BACHELI,7857
1333,MP,JAGDALPUR,BADERAJPUR,7849
1334,MP,JAGDALPUR,BASTANAR,7862
1335,MP,JAGDALPUR,BHAIRONGARH,7789
1336,MP,JAGDALPUR,BHANUPRATAPPUR,7850
1337,MP,JAGDALPUR,BHOPALPATNAM,7851
1338,MP,JAGDALPUR,BIJAPUR,7853
1339,MP,JAGDALPUR,BOKABAND,7867
1340,MP,JAGDALPUR,CHINGAMUT,7863
1341,MP,JAGDALPUR,CHINGMUT,7855
1342,MP,JAGDALPUR,DANTEWADA,7856
1343,MP,JAGDALPUR,DURGAKONDAL,7843
1344,MP,JAGDALPUR,GARPA,7846
1345,MP,JAGDALPUR,GOGUNDA,7865
1346,MP,JAGDALPUR,ILAMIDI,7854
1347,MP,JAGDALPUR,JAGDALPUR,7782
1348,MP,JAGDALPUR,JARWA,7787
1349,MP,JAGDALPUR,KANKER,786
1350,MP,JAGDALPUR,KESKAL,7848
1351,MP,JAGDALPUR,KONDAGAON,7786
1352,MP,JAGDALPUR,KONTA,7866
1353,MP,JAGDALPUR,KOYELIBEDA,7840
1354,MP,JAGDALPUR,KUAKUNDA,7858
1355,MP,JAGDALPUR,LOHADIGUNDAH,7859
1356,MP,JAGDALPUR,LUCKWADA,7788
1357,MP,JAGDALPUR,MAKODI,7785
1358,MP,JAGDALPUR,NARAINPUR,7781
1359,MP,JAGDALPUR,NETANAR,7861
1360,MP,JAGDALPUR,PADAMKOT,7783
1361,MP,JAGDALPUR,PAKHANJUR,7844
1362,MP,JAGDALPUR,PARASGAON,7784
1363,MP,JAGDALPUR,SARONA,7841
1364,MP,JAGDALPUR,SUKMA,7864
1365,MP,JAGDALPUR,TOYNAR,7852
1366,MP,RAIGARH,BAGICHA,7769
1367,MP,RAIGARH,DHARAMJAIGARH,7766
1368,MP,RAIGARH,GHARGHODA,7767
1369,MP,RAIGARH,JASHPURNAGAR,7763
1370,MP,RAIGARH,KUNKURI,7764
1371,MP,RAIGARH,PATHALGAON,7765
1372,MP,RAIGARH,RAIGARH,7762
1373,MP,RAIGARH,SARANGGARH,7768
1374,MP,RAIGARH,TAPKARA,7761
1375,MP,RAIPUR,ARANG,7720
1376,MP,RAIPUR,BAGBAHERA,7707
1377,MP,RAIPUR,BALODABAZAR,7727
1378,MP,RAIPUR,BASANA,7724
1379,MP,RAIPUR,BHATAPARA,7726
1380,MP,RAIPUR,BHILAIGARH,7729
1381,MP,RAIPUR,DEOBHOG,7704
1382,MP,RAIPUR,DHAMTARI,7722
1383,MP,RAIPUR,GARIABAND,7706
1384,MP,RAIPUR,KASDOL,7728
1385,MP,RAIPUR,KURUD,7705
1386,MP,RAIPUR,MAHASAMUND,7723
1387,MP,RAIPUR,MANPUR,7703
1388,MP,RAIPUR,NAGRI,7700
1389,MP,RAIPUR,NEORA,7721
1390,MP,RAIPUR,PINGESHWAR,7701
1391,MP,RAIPUR,RAIPUR,771
1392,MP,RAIPUR,SARAIPALI,7725
1393,MP,SARGUJA (AMBIKAPUR),AMBIKAPUR,7774
1394,MP,SARGUJA (AMBIKAPUR),BAIKUNTHPUR,7836
1395,MP,SARGUJA (AMBIKAPUR),BALRAMPUR,7831
1396,MP,SARGUJA (AMBIKAPUR),BHARATHPUR,7835
1397,MP,SARGUJA (AMBIKAPUR),KATHDOL,7770
1398,MP,SARGUJA (AMBIKAPUR),MANENDRAGARH,7771
1399,MP,SARGUJA (AMBIKAPUR),ODGI,7773
1400,MP,SARGUJA (AMBIKAPUR),PRATAPPUR,7777
1401,MP,SARGUJA (AMBIKAPUR),PREMNAGAR,7776
1402,MP,SARGUJA (AMBIKAPUR),RAJPUR,7832
1403,MP,SARGUJA (AMBIKAPUR),RAMCHANDRAPUR,7779
1404,MP,SARGUJA (AMBIKAPUR),SEMARIA,7778
1405,MP,SARGUJA (AMBIKAPUR),SITAPUR,7834
1406,MP,SARGUJA (AMBIKAPUR),SURAJPUR,7775
1407,MP,SARGUJA (AMBIKAPUR),UDAIPUR,7833
1408,MP,SARGUJA (AMBIKAPUR),WADRAINAGAR,7772
1409,MP,BALAGHAT,BAIHAR,7636
1410,MP,BALAGHAT,BALAGHAT,7632
1411,MP,BALAGHAT,BIRSA,7637
1412,MP,BALAGHAT,DAMOH,7638
1413,MP,BALAGHAT,KATANGI,7630
1414,MP,BALAGHAT,LAMTA,7634
1415,MP,BALAGHAT,LANJI,7635
1416,MP,BALAGHAT,WARASEONI,7633
1417,MP,BETUL,ATNER,7144
1418,MP,BETUL,BETUL,7141
1419,MP,BETUL,BHAINSDEHI,7143
1420,MP,BETUL,BHIMPUR,7142
1421,MP,BETUL,CHICHOLI,7145
1422,MP,BETUL,GHORANDOGRI,7146
1423,MP,BETUL,MULTAI,7147
1424,MP,BETUL,PRABHA PATTAN,7148
1425,MP,BHOPAL,ASHTA,7560
1426,MP,BHOPAL,BERASIA,7565
1427,MP,BHOPAL,BHOPAL,755
1428,MP,BHOPAL,BUDHNI,7564
1429,MP,BHOPAL,ICHHAWAR,7561
1430,MP,BHOPAL,NASRULLAGANJ,7563
1431,MP,BHOPAL,SEHORE,7562
1432,MP,CHHATARPUR,BADAMALHERA,7689
1433,MP,CHHATARPUR,BALDEOGARH,7684
1434,MP,CHHATARPUR,BIJAWAR,7608
1435,MP,CHHATARPUR,BUXWAHA,7609
1436,MP,CHHATARPUR,CHHATARPUR,7682
1437,MP,CHHATARPUR,GOURIHAR,7688
1438,MP,CHHATARPUR,JATARA,7681
1439,MP,CHHATARPUR,KHAJURAHO,7686
1440,MP,CHHATARPUR,LAUNDI,7687
1441,MP,CHHATARPUR,NIWARI,7680
1442,MP,CHHATARPUR,NOWGAON,7685
1443,MP,CHHATARPUR,TIKAMGARH,7683
1444,MP,CHHINDWARA,AMARWADA,7167
1445,MP,CHHINDWARA,BATKAKHAPA,7169
1446,MP,CHHINDWARA,CHAURAI,7166
1447,MP,CHHINDWARA,CHHINDWARA,7162
1448,MP,CHHINDWARA,HARRAI,7168
1449,MP,CHHINDWARA,JAMAI,7160
1450,MP,CHHINDWARA,PANDHURNA,7164
1451,MP,CHHINDWARA,PARASIA,7161
1452,MP,CHHINDWARA,SAUNSAR,7165
1453,MP,CHHINDWARA,TAMIA,7149
1454,MP,DAMOH,DAMOH,7812
1455,MP,DAMOH,HATTA,7604
1456,MP,DAMOH,JABERA,7606
1457,MP,DAMOH,PATERA,7605
1458,MP,DAMOH,PATHARIA,7601
1459,MP,DAMOH,TENDUKHEDA,7603
1460,MP,DEWAS,BAGLI,7271
1461,MP,DEWAS,DEWAS,7272
1462,MP,DEWAS,KANNOD,7273
1463,MP,DEWAS,KHATEGAON,7274
1464,MP,DEWAS,SONKATCH,7270
1465,MP,DHAR,BADNAWAR,7295
1466,MP,DHAR,DHAR,7292
1467,MP,DHAR,DHARAMPURI,7294
1468,MP,DHAR,KUKSHI,7297
1469,MP,DHAR,MANAWAR,7291
1470,MP,DHAR,SARDARPUR,7296
1471,MP,GUNA,ARONE,7545
1472,MP,GUNA,ASHOKNAGAR,7543
1473,MP,GUNA,BAMORI,7540
1474,MP,GUNA,CHACHAURA,7546
1475,MP,GUNA,CHANDERI,7547
1476,MP,GUNA,GUNA,7542
1477,MP,GUNA,ISAGARH,7541
1478,MP,GUNA,MUNGAOLI,7548
1479,MP,GUNA,RAGHOGARH,7544
1480,MP,GWALIOR,BHANDER,7523
1481,MP,GWALIOR,BHITARWAR,7525
1482,MP,GWALIOR,DABRA,7524
1483,MP,GWALIOR,DATIA,7522
1484,MP,GWALIOR,GHATIGAON,7526
1485,MP,GWALIOR,GWALIOR,751
1486,MP,GWALIOR,SEONDHA,7521
1487,MP,INDORE,DEPALPUR,7322
1488,MP,INDORE,INDORE,731
1489,MP,INDORE,MHOW,7324
1490,MP,INDORE,SANWER,7321
1491,MP,ITARSI,HARDA,7577
1492,MP,ITARSI,HOSHANGABAD,7574
1493,MP,ITARSI,ITARSI,7572
1494,MP,ITARSI,KHIRKIYA,7571
1495,MP,ITARSI,PACHMARHI,7578
1496,MP,ITARSI,PIPARIA,7576
1497,MP,ITARSI,SEONIMALWA,7570
1498,MP,ITARSI,SOHAGPUR,7575
1499,MP,ITARSI,TIMARANI,7573
1500,MP,JABALPUR,JABALPUR,761
1501,MP,JABALPUR,KATNI,7622
1502,MP,JABALPUR,KUNDAM,7623
1503,MP,JABALPUR,PATAN,7621
1504,MP,JABALPUR,SIHORA,7624
1505,MP,JABALPUR,UMARIAPAN,7625
1506,MP,JABALPUR,VIJAYRAGHOGARH,7626
1507,MP,JHABUA,ALIRAJPUR,7394
1508,MP,JHABUA,JHABUA,7392
1509,MP,JHABUA,JOBAT,7393
1510,MP,JHABUA,PETLAWAD,7391
1511,MP,JHABUA,SONDHWA,7395
1512,MP,JHABUA,THANDLA,7390
1513,MP,KHANDWA,BALDI,7326
1514,MP,KHANDWA,BURHANPUR,7325
1515,MP,KHANDWA,HARSUD,7327
1516,MP,KHANDWA,KHAKNER,7329
1517,MP,KHANDWA,KHALWA,7328
1518,MP,KHANDWA,KHANDWA,733
1519,MP,KHANDWA,PANDHANA,7320
1520,MP,KHANDWA,PUNASA,7323
1521,MP,KHARGONE,BADWANI,7290
1522,MP,KHARGONE,BARWAHA,7280
1523,MP,KHARGONE,BHIKANGAON,7288
1524,MP,KHARGONE,GOGAON,7287
1525,MP,KHARGONE,KASRAWAD,7285
1526,MP,KHARGONE,KHARGONE,7282
1527,MP,KHARGONE,KHETIA,7286
1528,MP,KHARGONE,MAHESHWAR,7283
1529,MP,KHARGONE,RAJPUR,7284
1530,MP,KHARGONE,SENDHWA,7281
1531,MP,KHARGONE,ZHIRNIA,7289
1532,MP,MANDLA,BIJADANDI,7643
1533,MP,MANDLA,DINDORI,7644
1534,MP,MANDLA,GHUGHARI,7647
1535,MP,MANDLA,KAKAIYA,7649
1536,MP,MANDLA,KARANJIA,7645
1537,MP,MANDLA,MANDLA,7642
1538,MP,MANDLA,MAWAI,7648
1539,MP,MANDLA,NAINPUR,7646
1540,MP,MANDLA,NIWAS,7641
1541,MP,MANDLA,SHAHPUR,7640
1542,MP,MANDSAUR,BHANPURA,7427
1543,MP,MANDSAUR,GAROTH,7425
1544,MP,MANDSAUR,JAWAD,7420
1545,MP,MANDSAUR,MALHARGARH,7424
1546,MP,MANDSAUR,MANASA,7421
1547,MP,MANDSAUR,MANDSAUR,7422
1548,MP,MANDSAUR,NEEMUCH,7423
1549,MP,MANDSAUR,SITAMAU,7426
1550,MP,MORENA,AMBAH,7538
1551,MP,MORENA,BARODA,7531
1552,MP,MORENA,BHIND,7534
1553,MP,MORENA,BIJAYPUR,7528
1554,MP,MORENA,GOHAD,7539
1555,MP,MORENA,JORA,7537
1556,MP,MORENA,KARHAL,7533
1557,MP,MORENA,LAHER,7529
1558,MP,MORENA,MEHGAON,7527
1559,MP,MORENA,MORENA,7532
1560,MP,MORENA,RAGHUNATHPUR,7535
1561,MP,MORENA,SABALGARH,7536
1562,MP,MORENA,SHEOPURKALAN,7530
1563,MP,NARSINGHPUR,BABAICHICHLI,7790
1564,MP,NARSINGHPUR,GADARWARA,7791
1565,MP,NARSINGHPUR,GOTEGAON,7794
1566,MP,NARSINGHPUR,KARELI,7793
1567,MP,NARSINGHPUR,NARSINGHPUR,7792
1568,MP,PANNA,AJAIGARH,7730
1569,MP,PANNA,GUNNORE,7731
1570,MP,PANNA,PANNA,7732
1571,MP,PANNA,PAWAI,7733
1572,MP,PANNA,SHAHNAGAR,7734
1573,MP,RAISEN,BARELI,7486
1574,MP,RAISEN,BEGAMGANJ,7487
1575,MP,RAISEN,GAIRATGANJ,7481
1576,MP,RAISEN,GOHARGANJ,7480
1577,MP,RAISEN,RAISEN,7482
1578,MP,RAISEN,SILWANI,7484
1579,MP,RAISEN,UDAIPURA,7485
1580,MP,RAJGARH,BIAORA,7374
1581,MP,RAJGARH,KHILCHIPUR,7370
1582,MP,RAJGARH,NARSINGHARH,7375
1583,MP,RAJGARH,RAJGARH,7372
1584,MP,RAJGARH,SARANGPUR,7371
1585,MP,RATLAM,ALOT,7410
1586,MP,RATLAM,JAORA,7414
1587,MP,RATLAM,RATLAM,7412
1588,MP,RATLAM,SAILANA,7413
1589,MP,REWA,HANUMANA,7664
1590,MP,REWA,MAUGANJ,7663
1591,MP,REWA,REWA,7662
1592,MP,REWA,SIRMOUR,7660
1593,MP,REWA,TEONTHAR,7661
1594,MP,SAGAR,BANDA,7583
1595,MP,SAGAR,BINA,7580
1596,MP,SAGAR,DEORI,7586
1597,MP,SAGAR,KHURAI,7581
1598,MP,SAGAR,RAHATGARH,7584
1599,MP,SAGAR,REHLI,7585
1600,MP,SAGAR,SAGAR,7582
1601,MP,SATNA,AMARPATAN,7675
1602,MP,SATNA,JAITWARA,7671
1603,MP,SATNA,MAIHAR,7674
1604,MP,SATNA,MAJHAGWAN,7670
1605,MP,SATNA,NAGOD,7673
1606,MP,SATNA,SATNA,7672
1607,MP,SEONI,CHHAPARA,7691
1608,MP,SEONI,GHANSOUR,7693
1609,MP,SEONI,GOPALGANJ,7695
1610,MP,SEONI,KEOLARI,7694
1611,MP,SEONI,LAKHNADON,7690
1612,MP,SEONI,SEONI,7692
1613,MP,SHAHDOL,BANDHAVGARH,7653
1614,MP,SHAHDOL,BEOHARI,7650
1615,MP,SHAHDOL,BIRSINGHPUR,7655
1616,MP,SHAHDOL,JAISINGHNAGAR,7651
1617,MP,SHAHDOL,JAITHARI,7659
1618,MP,SHAHDOL,JAITPUR,7657
1619,MP,SHAHDOL,KANNODI,7656
1620,MP,SHAHDOL,KARPA,7628
1621,MP,SHAHDOL,KOTMA,7658
1622,MP,SHAHDOL,MANPUR,7627
1623,MP,SHAHDOL,PUSHPRAJGARH,7629
1624,MP,SHAHDOL,SHAHDOL,7652
1625,MP,SHAJAPUR,AGAR,7362
1626,MP,SHAJAPUR,BERCHHA,7363
1627,MP,SHAJAPUR,SHAJAPUR,7364
1628,MP,SHAJAPUR,SHUJALPUR,7360
1629,MP,SHAJAPUR,SUSNER,7361
1630,MP,SHIVPURI,BADARWAS,7495
1631,MP,SHIVPURI,KARERA,7493
1632,MP,SHIVPURI,KHANIADHANA,7497
1633,MP,SHIVPURI,KOLARAS,7494
1634,MP,SHIVPURI,NARWAR,7491
1635,MP,SHIVPURI,PICHHORE,7496
1636,MP,SHIVPURI,POHARI,7490
1637,MP,SHIVPURI,SHIVPURI,7492
1638,MP,SIDHI,CHITRANGI,7806
1639,MP,SIDHI,CHURHAT,7802
1640,MP,SIDHI,DEOSAR,7801
1641,MP,SIDHI,KUSMI,7804
1642,MP,SIDHI,MAJHOLI,7803
1643,MP,SIDHI,SIDHI,7822
1644,MP,SIDHI,SINGRAULI,7805
1645,MP,UJJAIN,BADNAGAR,7367
1646,MP,UJJAIN,GHATIA,7368
1647,MP,UJJAIN,KHACHROD,7366
1648,MP,UJJAIN,MAHIDPURCITY,7365
1649,MP,UJJAIN,TARANA,7369
1650,MP,UJJAIN,UJJAIN,734
1651,MP,VIDISHA,GANJBASODA,7594
1652,MP,VIDISHA,GYRASPUR,7596
1653,MP,VIDISHA,KURWAI,7593
1654,MP,VIDISHA,LATERI,7590
1655,MP,VIDISHA,NATERAN,7595
1656,MP,VIDISHA,SIRONJ,7591
1657,MP,VIDISHA,VIDISHA,7592
1658,ND,NEW DELHI,NEW DELHI,11
1659,NE,ARUNACHAL PRADESH,SEPPA,3787
1660,NE,ARUNACHAL PRADESH (ZERO),TALI,3790
1661,NE,ARUNACHAL PRADESH,TALIHA,3791
1662,NE,ARUNACHAL PRADESH (ZERO),TAWANG,3794
1663,NE,ARUNACHAL PRADESH,TEZU,3804
1664,NE,ARUNACHAL PRADESH (ZERO),TUTING,3799
1665,NE,ARUNACHAL PRADESH,YANGKIYANG,3777
1666,NE,ARUNACHAL PRADESH (ZERO,MECHUKA,3793
1667,NE,ARUNACHAL PRADESH,ALONG,3783
1668,NE,ARUNACHAL PRADESH (ZERO),ANINI,3801
1669,NE,ARUNACHAL PRADESH,BAMENG,3785
1670,NE,ARUNACHAL PRADESH (ZERO),BASAR,3795
1671,NE,ARUNACHAL PRADESH,CHANGLANG,3808
1672,NE,ARUNACHAL PRADESH (ZERO),CHOWKHEM,3806
1673,NE,ARUNACHAL PRADESH,DAPORIZO,3792
1674,NE,ARUNACHAL PRADESH (ZERO),DIRANG,3780
1675,NE,ARUNACHAL PRADESH,HAYULIANG,3805
1676,NE,ARUNACHAL PRADESH (ZERO),HURI,3789
1677,NE,ARUNACHAL PRADESH,ITANAGAR,360
1678,NE,ARUNACHAL PRADESH (ZERO),JAIRAMPUR,3800
1679,NE,ARUNACHAL PRADESH,KALAKTUNG (BOMDILA),3782
1680,NE,ARUNACHAL PRADESH (ZERO),KHONSA,3786
1681,NE,ARUNACHAL PRADESH,KOLARING,3788
1682,NE,ARUNACHAL PRADESH (ZERO),MARIYANG,3798
1683,NE,ARUNACHAL PRADESH,MIAO,3807
1684,NE,ARUNACHAL PRADESH (ZERO),NEFRA,3784
1685,NE,ARUNACHAL PRADESH,PAKKEKESANG,3778
1686,NE,ARUNACHAL PRADESH (ZERO),PANGIN,3797
1687,NE,ARUNACHAL PRADESH,PASSIGHAT,368
1688,NE,ARUNACHAL PRADESH (ZERO),ROING-I,3803
1689,NE,ARUNACHAL PRADESH,ROING-II (ARDA),3802
1690,NE,ARUNACHAL PRADESH (ZERO),ROING-III (MARISO),3779
1691,NE,ARUNACHAL PRADESH,SAGALEE,3809
1692,NE,MEGHALAYA (SHILLONG),TURA,3651
1693,NE,MEGHALAYA (SHILLONG),WILLIAMNAGAR,3658
1694,NE,MANIPUR (IMPHAL),BISHENPUR,3879
1695,NE,MANIPUR (IMPHAL),CHAKPIKARONG,3878
1696,NE,MANIPUR (IMPHAL),CHANDEL,3872
1697,NE,MANIPUR (IMPHAL),CHURCHANDPUR,3874
1698,NE,MANIPUR (IMPHAL),IMPHAL,385
1699,NE,MANIPUR (IMPHAL),JIRIBAM,3876
1700,NE,MANIPUR (IMPHAL),MAO (KORANG),3871
1701,NE,MANIPUR (IMPHAL),SADARHILLS (KANGPOKAI),3880
1702,NE,MANIPUR (IMPHAL),TAMENGLONG,3877
1703,NE,MANIPUR (IMPHAL),THINGHAT,3873
1704,NE,MANIPUR (IMPHAL),THONBAL,3848
1705,NE,MANIPUR (IMPHAL),UKHRUL CENTRAL,3845
1706,NE,MANIPUR (IMPHAL),UKHRURSOUTH (KASSEMKHULEN),3870
1707,NE,MEGHALAYA (SHILLONG),AMLAREN (DAWKI),3653
1708,NE,MEGHALAYA (SHILLONG),BAGHMARA,3639
1709,NE,MEGHALAYA (SHILLONG),CHERRAPUNJEE,3637
1710,NE,MEGHALAYA (SHILLONG),DADENGIRI (PHULBARI),3650
1711,NE,MEGHALAYA (SHILLONG),JOWAI,3652
1712,NE,MEGHALAYA (SHILLONG),KHLIEHRIAT,3655
1713,NE,MEGHALAYA (SHILLONG),MAIRANG,3657
1714,NE,MEGHALAYA (SHILLONG),MAWKYRWAT,3656
1715,NE,MEGHALAYA (SHILLONG),NONGPOH,3638
1716,NE,MEGHALAYA (SHILLONG),NONGSTOIN,3654
1717,NE,MEGHALAYA (SHILLONG),RESUBELPARA (MENDIPATHAR),3659
1718,NE,MEGHALAYA (SHILLONG),SHILLONG,364
1719,NE,MIZORAM (AIZWAL),AIZAWAL-I,389
1720,NE,MIZORAM (AIZWAL),AIZWAL-II (SERCHIP),3838
1721,NE,MIZORAM (AIZWAL),CHAMPA-I,3831
1722,NE,MIZORAM (AIZWAL),CHAMPAI-II (CHIAPUI),3830
1723,NE,MIZORAM (AIZWAL),DEMAGIRI,3834
1724,NE,MIZORAM (AIZWAL),KOLASIB,3837
1725,NE,MIZORAM (AIZWAL),LUNGLEH,372
1726,NE,MIZORAM (AIZWAL),SAIHA-I,3835
1727,NE,MIZORAM (AIZWAL),SAIHA-II (TUIPANG),3836
1728,NE,NAGALAND (KOHIMA),DIMAPUR,3862
1729,NE,NAGALAND (KOHIMA),JALUKIE,3839
1730,NE,NAGALAND (KOHIMA),KIPHIRE,3863
1731,NE,NAGALAND (KOHIMA),KOHIMA,370
1732,NE,NAGALAND (KOHIMA),MOKOKCHUNG,369
1733,NE,NAGALAND (KOHIMA),MON,3869
1734,NE,NAGALAND (KOHIMA),PHEK,3865
1735,NE,NAGALAND (KOHIMA),TUENGSANG,3861
1736,NE,NAGALAND (KOHIMA),WOKHA,3860
1737,NE,NAGALAND (KOHIMA),ZUENHEBOTO,3867
1738,NE,TRIPURA (AGARTALA),AGARTALA,381
1739,NE,TRIPURA (AGARTALA),AMBASA,3826
1740,NE,TRIPURA (AGARTALA),BELONIA,3823
1741,NE,TRIPURA (AGARTALA),DHARAM NAGAR,3822
1742,NE,TRIPURA (AGARTALA),KAILSAHAR,3824
1743,NE,TRIPURA (AGARTALA),KHOWAI,3825
1744,NE,TRIPURA (AGARTALA),R.K.PUR,3821
1745,OR,BALANGIR,BALANGIR,6652
1746,OR,BALANGIR,BIRMAHARAJPUR,6651
1747,OR,BALANGIR,DUNGURIPALI,6653
1748,OR,BALANGIR,KANTABHANJI,6657
1749,OR,BALANGIR,PATNAGARH,6648
1750,OR,BALANGIR,SONAPUR,6654
1751,OR,BALANGIR,TITLAGARH,6655
1752,OR,BALASORE,BALASORE,6782
1753,OR,BALASORE,BASTA,6781
1754,OR,BALASORE,BHADRAK,6784
1755,OR,BALASORE,CHANDBALI,6786
1756,OR,BALASORE,SORO,6788
1757,OR,BARIPADA,BANGIRIPOSI,6791
1758,OR,BARIPADA,BARIPADA,6792
1759,OR,BARIPADA,BETANATI,6793
1760,OR,BARIPADA,JASHIPUR,6797
1761,OR,BARIPADA,KARANJIA,6796
1762,OR,BARIPADA,RAIRANGPUR,6794
1763,OR,BARIPADA,UDALA,6795
1764,OR,BERHAMPUR,ASKA,6822
1765,OR,BERHAMPUR,BERHAMPUR,680
1766,OR,BERHAMPUR,BHANJANAGAR,6821
1767,OR,BERHAMPUR,BUGUDA,6818
1768,OR,BERHAMPUR,CHHATRAPUR,6811
1769,OR,BERHAMPUR,DIGAPAHANDI,6814
1770,OR,BERHAMPUR,KHALIKOTE,6810
1771,OR,BERHAMPUR,MOHANA,6816
1772,OR,BERHAMPUR,PARLAKHEMUNDI,6815
1773,OR,BERHAMPUR,R.UDAYIGIRI,6817
1774,OR,BERHAMPUR,SURADA,6819
1775,OR,BHAWANIPATNA,BHAWANIPATNA,6670
1776,OR,BHAWANIPATNA,DHARAMGARH,6672
1777,OR,BHAWANIPATNA,JAYAPATNA,6673
1778,OR,BHAWANIPATNA,KOMANA,6679
1779,OR,BHAWANIPATNA,M.RAMPUR,6676
1780,OR,BHAWANIPATNA,NARLAROAD,6677
1781,OR,BHAWANIPATNA,NOWPARATAN,6678
1782,OR,BHAWANIPATNA,RAJKHARIAR,6671
1783,OR,BHAWANIPATNA,T.RAMPUR,6675
1784,OR,BHUBANESWAR (PURI),BALUGAON,6756
1785,OR,BHUBANESWAR (PURI),BHUBANESHWAR,674
1786,OR,BHUBANESWAR (PURI),DASPALLA,6757
1787,OR,BHUBANESWAR (PURI),KHURDA,6755
1788,OR,BHUBANESWAR (PURI),NAYAGARH,6753
1789,OR,BHUBANESWAR (PURI),NIMAPARA,6758
1790,OR,BHUBANESWAR (PURI),PURI,6752
1791,OR,CUTTACK,ATHGARH,6723
1792,OR,CUTTACK,CUTTACK,671
1793,OR,CUTTACK,DHANMANDAL,6725
1794,OR,CUTTACK,JAGATSINGHPUR,6724
1795,OR,CUTTACK,JAJAPUR ROAD,6726
1796,OR,CUTTACK,JAJAPUR TOWN,6728
1797,OR,CUTTACK,KENDRAPARA,6727
1798,OR,CUTTACK,NARSINGHPUR,6721
1799,OR,CUTTACK,PARDIP,6722
1800,OR,CUTTACK,PATTAMUNDAI,6729
1801,OR,DHENKANAL,ANANDAPUR,6731
1802,OR,DHENKANAL,ANUGUL,6764
1803,OR,DHENKANAL,ATHMALLIK,6763
1804,OR,DHENKANAL,BARBIL,6767
1805,OR,DHENKANAL,CHHENDIPADA,6761
1806,OR,DHENKANAL,DHENKANAL,6762
1807,OR,DHENKANAL,GHATGAON,6733
1808,OR,DHENKANAL,HINDOL,6732
1809,OR,DHENKANAL,KAMAKHYANAGAR,6769
1810,OR,DHENKANAL,KEONJHAR,6766
1811,OR,DHENKANAL,PALLA HARA,6765
1812,OR,DHENKANAL,PARAJANG,6768
1813,OR,DHENKANAL,TALCHER,6760
1814,OR,DHENKANAL,TELKOI,6735
1815,OR,KORAPUT,BISAM CUTTACK,6863
1816,OR,KORAPUT,BORIGUMA,6860
1817,OR,KORAPUT,GUDARI,6862
1818,OR,KORAPUT,GUNUPUR,6857
1819,OR,KORAPUT,JEYPORE,6854
1820,OR,KORAPUT,JHARIGAN,6867
1821,OR,KORAPUT,KALIMELA,6850
1822,OR,KORAPUT,KASHIPUR,6865
1823,OR,KORAPUT,KORAPUT,6852
1824,OR,KORAPUT,LAXMIPUR,6855
1825,OR,KORAPUT,MALKANGIRI,6861
1826,OR,KORAPUT,MATHILI,6864
1827,OR,KORAPUT,MOTU,6859
1828,OR,KORAPUT,NANDAPUR,6868
1829,OR,KORAPUT,NOWRANGAPUR,6858
1830,OR,KORAPUT,PAPADHANDI,6869
1831,OR,KORAPUT,RAYAGADA,6856
1832,OR,KORAPUT,SUNABEDA,6853
1833,OR,KORAPUT,UMERKOTE,6866
1834,OR,PHULBANI,BALIGUDA,6846
1835,OR,PHULBANI,BOUDH,6841
1836,OR,PHULBANI,DARINGBADI,6849
1837,OR,PHULBANI,G.UDAYAGIRI,6847
1838,OR,PHULBANI,KANTAMAL,6844
1839,OR,PHULBANI,KOTAGARH,6848
1840,OR,PHULBANI,PHIRINGIA,6845
1841,OR,PHULBANI,PHULBANI,6842
1842,OR,PHULBANI,PURUNA KATAK,6843
1843,OR,PHULBANI,TUMUDIBANDHA,6840
1844,OR,SAMBALPUR,ATTABIRA,6682
1845,OR,SAMBALPUR,BAGDIHI,6640
1846,OR,SAMBALPUR,BARGARH,6646
1847,OR,SAMBALPUR,BARKOT,6643
1848,OR,SAMBALPUR,DEODGARH,6641
1849,OR,SAMBALPUR,JAMANKIRA,6649
1850,OR,SAMBALPUR,JHARSUGUDA,6645
1851,OR,SAMBALPUR,JUJUMURA,6681
1852,OR,SAMBALPUR,KUCHINDA,6642
1853,OR,SAMBALPUR,NAKTIDEUL,6647
1854,OR,SAMBALPUR,PADMAPUR,6683
1855,OR,SAMBALPUR,PAIKAMAL,6684
1856,OR,SAMBALPUR,RAIRAKHOL,6644
1857,OR,SAMBALPUR,SAMBALPUR,663
1858,OR,SAMBALPUR,SOHELA,6685
1859,OR,SUNDARGARH,BANAIGARH,6626
1860,OR,SUNDARGARH (ROURKELA),HEMGIRI,6621
1861,OR,SUNDARGARH,LAHUNIPARA,6625
1862,OR,SUNDARGARH (ROURKELA),RAJGANGPUR,6624
1863,OR,SUNDARGARH,ROURKELA,661
1864,OR,SUNDARGARH (ROURKELA),SUNDARGARH,6622
1865,PB,AMRITSAR,AJNALA,1858
1866,PB,AMRITSAR,AMRITSAR,183
1867,PB,AMRITSAR,GOINDWAL,1859
1868,PB,AMRITSAR,PATTI,1851
1869,PB,AMRITSAR,RAYYA,1853
1870,PB,AMRITSAR,TARAN TARAN,1852
1871,PB,BHATINDA,BHATINDA,164
1872,PB,BHATINDA,MANSA,1652
1873,PB,BHATINDA,PHULMANDI,1651
1874,PB,BHATINDA,RAMAN,1655
1875,PB,BHATINDA,SARDULGARH,1659
1876,PB,CHANDIGARH,CHANDIGARH,172
1877,PB,FEROZEPUR,ABOHAR,1634
1878,PB,FEROZEPUR,FARIDAKOT,1639
1879,PB,FEROZEPUR,FAZILKA,1638
1880,PB,FEROZEPUR,FEROZEPUR,1632
1881,PB,FEROZEPUR,GURUHARSAHAI,1685
1882,PB,FEROZEPUR,KOTKAPURA,1635
1883,PB,FEROZEPUR,MALAUT,1637
1884,PB,FEROZEPUR,MOGA,1636
1885,PB,FEROZEPUR,MUKTASAR,1633
1886,PB,FEROZEPUR,ZIRA,1682
1887,PB,HOSIARPUR,BALACHAUR,1885
1888,PB,HOSIARPUR,DASUA,1883
1889,PB,HOSIARPUR,GARHASHANKER,1884
1890,PB,HOSIARPUR,HOSHIARPUR,1882
1891,PB,HOSIARPUR,TANDA URMAR,1886
1892,PB,JALANDHAR,JALLANDHAR,181
1893,PB,JALANDHAR,KAPURTHALA,1822
1894,PB,JALANDHAR,NAKODAR,1821
1895,PB,JALANDHAR,NAWANSHAHAR,1823
1896,PB,JALANDHAR,PHAGWARA,1824
1897,PB,JALANDHAR,PHILLAUR,1826
1898,PB,JALANDHAR,SULTANPUR LODHI,1828
1899,PB,LUDHIANA,JAGRAON,1624
1900,PB,LUDHIANA,LUDHIANA,161
1901,PB,LUDHIANA,SAMRALA,1628
1902,PB,PATHANKOT,BATALA,1871
1903,PB,PATHANKOT,DINANAGAR,1875
1904,PB,PATHANKOT,GURDASPUR,1874
1905,PB,PATHANKOT,JUGIAL,1870
1906,PB,PATHANKOT,PATHANKOT,186
1907,PB,PATHANKOT,QUADIAN,1872
1908,PB,PATIALA,NABHA,1765
1909,PB,PATIALA,PATIALA,175
1910,PB,PATIALA,RAJPURA,1762
1911,PB,PATIALA,SAMANA,1764
1912,PB,PATIALA,SARHIND,1763
1913,PB,ROPAR,KHARAR,160
1914,PB,ROPAR,NANGAL,1887
1915,PB,ROPAR,ROPAR,1881
1916,PB,SANGRUR,BARNALA,1679
1917,PB,SANGRUR,MALERKOTLA,1675
1918,PB,SANGRUR,SANGRUR,1672
1919,PB,SANGRUR,SUNAM,1676
1920,RJ,AJMER,AJMER,145
1921,RJ,AJMER,BEAWAR,1462
1922,RJ,AJMER,KEKRI (E),1467
1923,RJ,AJMER,KEKRI (W) (BHINAI),1466
1924,RJ,AJMER,KISHANGARH (N) (ROOPANGARH),1497
1925,RJ,AJMER,KISHANGARH (S),1463
1926,RJ,AJMER,NASIRABAD,1491
1927,RJ,AJMER,SARWAR,1496
1928,RJ,ALWAR,ALWAR,144
1929,RJ,ALWAR,BANSUR,1461
1930,RJ,ALWAR,BEHROR,1494
1931,RJ,ALWAR,KISHANGARHBAS (KHAIRTHAL),1460
1932,RJ,ALWAR,LAXMANGARH (KHERLI),1492
1933,RJ,ALWAR,MANDAWAR,1495
1934,RJ,ALWAR,RAJGARH,1464
1935,RJ,ALWAR,RAMGARH,1468
1936,RJ,ALWAR,THANAGHAZI,1465
1937,RJ,ALWAR,TIJARA (N) (BHIWADI),1493
1938,RJ,ALWAR,TIJARA (S),1469
1939,RJ,BANSWARA,ASPUR,2967
1940,RJ,BANSWARA,BAGIDORA,2968
1941,RJ,BANSWARA,BANSWARA,2962
1942,RJ,BANSWARA,DUNGARPUR,2964
1943,RJ,BANSWARA,GERHI (PARTAPUR),2963
1944,RJ,BANSWARA,GHATOL,2961
1945,RJ,BANSWARA,KUSHALGARH,2965
1946,RJ,BANSWARA,SAGWARA,2966
1947,RJ,BARMER,BARMER(C),2982
1948,RJ,BARMER,BARMER (E) (GUDDA),2983
1949,RJ,BARMER,BARMER (N) (KANOT),2902
1950,RJ,BARMER,BARMER (S) SINDARI,2984
1951,RJ,BARMER,BARMER (SW) (DHORIMANNA),2986
1952,RJ,BARMER,BARMER (W) (RAMSAR),2985
1953,RJ,BARMER,CHOHTAN (N),2989
1954,RJ,BARMER,CHOHTAN (S) (GANGASAR),2903
1955,RJ,BARMER,PACHPADRA (E) (KORNA),2980
1956,RJ,BARMER,PACHPADRA (W) (BALOTRA),2988
1957,RJ,BARMER,SHEO (E),2987
1958,RJ,BARMER,SHEO (W) (HARSANI),2981
1959,RJ,BARMER,SIWANA (E) (SAMDARI),2900
1960,RJ,BARMER,SIWANA (W),2901
1961,RJ,BHARATPUR,BARI,5647
1962,RJ,BHARATPUR,BASERI,5646
1963,RJ,BHARATPUR,BAYANA,5648
1964,RJ,BHARATPUR,BHARATPUR,5644
1965,RJ,BHARATPUR,DEEG,5641
1966,RJ,BHARATPUR,DHOLPUR,5642
1967,RJ,BHARATPUR,KAMAN,5640
1968,RJ,BHARATPUR,NADBAI,5643
1969,RJ,BHARATPUR,RUPBAS,5645
1970,RJ,BHILWARA,ASIND,1480
1971,RJ,BHILWARA,BANERA,1487
1972,RJ,BHILWARA,BHILWARA,1482
1973,RJ,BHILWARA,HURDA (GULABPURA),1483
1974,RJ,BHILWARA,JAHAZPUR,1485
1975,RJ,BHILWARA,KOTRI,1488
1976,RJ,BHILWARA,MANDAL,1486
1977,RJ,BHILWARA,MANDALGARH,1489
1978,RJ,BHILWARA,RAIPUR,1481
1979,RJ,BHILWARA,SHAHAPURA,1484
1980,RJ,BIKANER,BIKANER(C) (JAIMALSAR),1521
1981,RJ,BIKANER,BIKANER (E) (JAMSAR),1522
1982,RJ,BIKANER,BIKANER (N) (CHHATARGARH),1520
1983,RJ,BIKANER,BIKANER (S),151
1984,RJ,BIKANER,BIKANER (W) (POOGAL),1523
1985,RJ,BIKANER,KOLAYAT-I (GODDO),1533
1986,RJ,BIKANER,KOLAYAT-II,1534
1987,RJ,BIKANER,KOLAYAT-III (BAJJU),1535
1988,RJ,BIKANER,KOLAYAT-IV (DAITRA),1536
1989,RJ,BIKANER,LUNKARANSAR-I (KANHOLI),1529
1990,RJ,BIKANER,LUNKARANSAR-III (RAJASARB),1527
1991,RJ,BIKANER,LUNKARANSAR-II (MAHAJAN),1526
1992,RJ,BIKANER,LUNKARANSAR-IV,1528
1993,RJ,BIKANER,NOKHA (E),1531
1994,RJ,BIKANER,NOKHA (W) (NATHUSAR),1532
1995,RJ,BUNDI,BUNDI,747
1996,RJ,BUNDI,HINDOLI,7436
1997,RJ,BUNDI,KESHORAIPATAN (PATAN),7438
1998,RJ,BUNDI,NAINWA,7437
1999,RJ,CHITTORGARH,BARISADRI,1473
2000,RJ,CHITTORGARH,BEGUN(N),1474
2001,RJ,CHITTORGARH,BEGUN(S) (RAWATBHATA),1475
2002,RJ,CHITTORGARH,CHITTORGARH,1472
2003,RJ,CHITTORGARH,DUNGLA,1470
2004,RJ,CHITTORGARH,KAPASAN,1476
2005,RJ,CHITTORGARH,NIMBAHERA,1477
2006,RJ,CHITTORGARH,PRATAPGARH (N),1478
2007,RJ,CHITTORGARH,PRATAPGARH (S) (ARNOD),1479
2008,RJ,CHITTORGARH,RASHMI,1471
2009,RJ,CHURU,CHURU,1562
2010,RJ,CHURU,RAJGARH,1559
2011,RJ,CHURU,RATANGARH,1567
2012,RJ,CHURU,SARDARSHAHAR (S),1564
2013,RJ,CHURU,SARDARSHAHAR (N)- JAITSISAR,1563
2014,RJ,CHURU,SRIDUNGARGARH (N)- DUNGARGH,1565
2015,RJ,CHURU,SRIDUNGARGARH (S) (SUDSAR),1566
2016,RJ,CHURU,SUJANGARH(C) (BIDASAR),1560
2017,RJ,CHURU,SUJANGARH (E),1568
2018,RJ,CHURU,SUJANGARH (W) (LALGARH),1569
2019,RJ,CHURU,TARANAGAR,1561
2020,RJ,JAIPUR,AMBER (CHOMU),1423
2021,RJ,JAIPUR,BASSI,1429
2022,RJ,JAIPUR,BASWA (BANDIKUI),1420
2023,RJ,JAIPUR,DAUSA,1427
2024,RJ,JAIPUR,DUDU,1428
2025,RJ,JAIPUR,JAIPUR,141
2026,RJ,JAIPUR,JAMWA-RAMGARH (ACHROL),1426
2027,RJ,JAIPUR,KOTPUTLI,1421
2028,RJ,JAIPUR,LALSOT,1431
2029,RJ,JAIPUR,PHAGI,1430
2030,RJ,JAIPUR,PHULERA (E) (RENWAL),1424
2031,RJ,JAIPUR,PHULERA (W) (SAMBHAR),1425
2032,RJ,JAIPUR,VIRATNAGAR (SHAHPURA),1422
2033,RJ,JAISALMER,JAISALMER-1 (RAMGARH),2991
2034,RJ,JAISALMER,JAISALMER-10 (KHURI),3014
2035,RJ,JAISALMER,JAISALMER-11 (JAISALMER),2992
2036,RJ,JAISALMER,JAISALMER-12 (DEVIKOT),2993
2037,RJ,JAISALMER,JAISALMER-13 (MYAJLAR),3015
2038,RJ,JAISALMER,JAISALMER-14 (JHEENJANIYALI),3016
2039,RJ,JAISALMER,JAISALMER-2 (SADHNA),3018
2040,RJ,JAISALMER,JAISALMER-3 (NEHDAI),2999
2041,RJ,JAISALMER,JAISALMER-4 (SHAHGARH),3010
2042,RJ,JAISALMER,JAISALMER-5 (KHUIYALS),2998
2043,RJ,JAISALMER,JAISALMER-6 (PASEWAR),3011
2044,RJ,JAISALMER,JAISALMER-7 (MOHARGARH),2997
2045,RJ,JAISALMER,JAISALMER-8 (MEHSANA),3012
2046,RJ,JAISALMER,JAISALMER-9 (DHANAUA),3013
2047,RJ,JAISALMER,POKRAN-1 (NACHNA),2995
2048,RJ,JAISALMER,POKRAN-2 (MADASAR),3017
2049,RJ,JAISALMER,POKRAN-3 (LOHARKI),2996
2050,RJ,JAISALMER,POKRAN-4 (POKRAN),2994
2051,RJ,JAISALMER,POKRAN-5 (PHALSOOND),3019
2052,RJ,JHALAWAR,AKLERA,7431
2053,RJ,JHALAWAR,GANGDHAR,7435
2054,RJ,JHALAWAR,JHALAWAR,7432
2055,RJ,JHALAWAR,KHANPUR,7430
2056,RJ,JHALAWAR,PACHPAHAR (BHAWANIMANDI),7433
2057,RJ,JHALAWAR,PIRAWA (RAIPUR),7434
2058,RJ,JHUNJHUNU,CHIRAWA,1596
2059,RJ,JHUNJHUNU,JHUNJHUNU (N) (BISSAU),1595
2060,RJ,JHUNJHUNU,JHUNJHUNU (S),1592
2061,RJ,JHUNJHUNU,KHETRI,1593
2062,RJ,JHUNJHUNU,UDAIPURWATI,1594
2063,RJ,JODHPUR,BILARA (N) (BHOPALGARH),2920
2064,RJ,JODHPUR,BILARA (S) (PIPARCITY),2930
2065,RJ,JODHPUR,JODHPUR (E),291
2066,RJ,JODHPUR,JODHPUR (W) (JHANWAR),2931
2067,RJ,JODHPUR,OSIAN (E) (DHANWARA),2927
2068,RJ,JODHPUR,OSIAN (N),2922
2069,RJ,JODHPUR,OSIAN (S) (MATHANIA),2926
2070,RJ,JODHPUR,PHALODI (E) (LOHAWAT),2923
2071,RJ,JODHPUR,PHALODI (N) (BAP),2921
2072,RJ,JODHPUR,PHALODI (S),2925
2073,RJ,JODHPUR,PHALODI (W) (BAROO),2924
2074,RJ,JODHPUR,SHERGARH (N) (BALESAR),2929
2075,RJ,JODHPUR,SHERGARH (N) (DEECHU),2928
2076,RJ,KOTA,ATRU,7451
2077,RJ,KOTA,BARAN,7453
2078,RJ,KOTA,CHHABRA,7452
2079,RJ,KOTA,CHHIPABORAD,7454
2080,RJ,KOTA,DIGOD (SULTANPUR),7455
2081,RJ,KOTA,KISHANGANJ (BHANWARGARH),7456
2082,RJ,KOTA,LADPURA (KOTA),744
2083,RJ,KOTA,MANGROL,7457
2084,RJ,KOTA,PIPALDA (SUMERGANJ MANDI),7458
2085,RJ,KOTA,RAMGANJ MANDI,7459
2086,RJ,KOTA,SAHABAD,7460
2087,RJ,KOTA,SANGOD,7450
2088,RJ,NAGAUR,DEEDWANA,1580
2089,RJ,NAGAUR,DEGANA,1587
2090,RJ,NAGAUR,JAYAL,1583
2091,RJ,NAGAUR,LADNUN,1581
2092,RJ,NAGAUR,MERTA (E) (MERTA-CITY),1590
2093,RJ,NAGAUR,MERTA (W) (GOTAN),1591
2094,RJ,NAGAUR,NAGAUR (E) (MUNDWA MARWAR),1584
2095,RJ,NAGAUR,NAGAUR (N),1582
2096,RJ,NAGAUR,NAGAUR (W) (KHINWSAR),1585
2097,RJ,NAGAUR,NAWA (KUCHAMANCITY),1586
2098,RJ,NAGAUR,PARBATSAR (N) (MAKRANA),1588
2099,RJ,NAGAUR,PARBATSAR (S),1589
2100,RJ,PALI (MARWAR),BALI (N) (SUMERPUR),2933
2101,RJ,PALI (MARWAR),BALI (S),2938
2102,RJ,PALI (MARWAR),DESURI (RANI),2934
2103,RJ,PALI (MARWAR),JAITARAN,2939
2104,RJ,PALI (MARWAR),MARWAR-Jn,2935
2105,RJ,PALI (MARWAR),PALI (N) (ROHAT),2936
2106,RJ,PALI (MARWAR),PALI (S),2932
2107,RJ,PALI (MARWAR),RAIPUR,2937
2108,RJ,PALI (MARWAR),SOJAT (SOJAT-CITY),2960
2109,RJ,SAWAIMADHOPUR,BAMANWAS,7467
2110,RJ,SAWAIMADHOPUR,BONLI,7466
2111,RJ,SAWAIMADHOPUR,GANGAPUR,7463
2112,RJ,SAWAIMADHOPUR,HINDAUN,7469
2113,RJ,SAWAIMADHOPUR,KARAULI,7464
2114,RJ,SAWAIMADHOPUR,KHANDAR,7468
2115,RJ,SAWAIMADHOPUR,MAHUWA,7461
2116,RJ,SAWAIMADHOPUR,SAPOTRA,7465
2117,RJ,SAWAIMADHOPUR,SAWAIMADHOPUR,7462
2118,RJ,SIKAR,DANTARAMGARH (E) (SHYAMJI),1576
2119,RJ,SIKAR,DANTARAMGARH (W),1577
2120,RJ,SIKAR,FATEHPUR,1571
2121,RJ,SIKAR,LAXMANGARH (E),1573
2122,RJ,SIKAR,LAXMANGARH (W) (NECHWA),1570
2123,RJ,SIKAR,NEEM KA THANA,1574
2124,RJ,SIKAR,SIKAR,1572
2125,RJ,SIKAR,SRIMADHOPUR,1575
2126,RJ,SIROHI (ABU ROAD),ABU ROAD,2974
2127,RJ,SIROHI (ABU ROAD),AHORE,2978
2128,RJ,SIROHI (ABU ROAD),BHINMAL (N),2969
2129,RJ,SIROHI (ABU ROAD),BHINMAL (S) (JASAWANTPURA),2990
2130,RJ,SIROHI (ABU ROAD),JALORE,2973
2131,RJ,SIROHI (ABU ROAD),JALORE (W) (SAYLA),2977
2132,RJ,SIROHI (ABU ROAD),PINDWARA,2971
2133,RJ,SIROHI (ABU ROAD),REODAR,2975
2134,RJ,SIROHI (ABU ROAD),SANCHORE (E),2979
2135,RJ,SIROHI (ABU ROAD),SANCHORE (W) (HADECHA),2970
2136,RJ,SIROHI (ABU ROAD),SHEOGANJ (POSALIYAN),2976
2137,RJ,SIROHI (ABU ROAD),SIROHI,2972
2138,RJ,SRIGANGANAGAR,ANUPGARH (E),1498
2139,RJ,SRIGANGANAGAR,ANUPGARH (W) (GHARSANA),1506
2140,RJ,SRIGANGANAGAR,BHADRA,1504
2141,RJ,SRIGANGANAGAR,HANUMANGARH,1552
2142,RJ,SRIGANGANAGAR,NOHAR(C) (RAWATSAR),1537
2143,RJ,SRIGANGANAGAR,NOHAR (E),1555
2144,RJ,SRIGANGANAGAR,NOHAR (W) (JEDASAR),1502
2145,RJ,SRIGANGANAGAR,PADAMPUR,1505
2146,RJ,SRIGANGANAGAR,RAISINGHNAGAR,1507
2147,RJ,SRIGANGANAGAR,SADULSHAHAR,1503
2148,RJ,SRIGANGANAGAR,SANGARIA,1499
2149,RJ,SRIGANGANAGAR,SRIGANGANAGAR,154
2150,RJ,SRIGANGANAGAR,SRIKARANPUR,1501
2151,RJ,SRIGANGANAGAR,SURATGARH (N) (GOLUWALA),1508
2152,RJ,SRIGANGANAGAR,SURATGARH (S),1509
2153,RJ,SRIGANGANAGAR,TIBBI,1539
2154,RJ,TONK,DEOLI,1434
2155,RJ,TONK,MALPURA,1437
2156,RJ,TONK,NEWAI,1438
2157,RJ,TONK,TODARAISINGH,1433
2158,RJ,TONK,TONK (N) (PIPLOO),1435
2159,RJ,TONK,TONK (S),1432
2160,RJ,TONK,UNIAYARA,1436
2161,RJ,UDAIPUR,AMET,2908
2162,RJ,UDAIPUR,BHIM (N),2951
2163,RJ,UDAIPUR,BHIM (S) (DAWER),2909
2164,RJ,UDAIPUR,DEOGARH,2904
2165,RJ,UDAIPUR,DHARIAWAD,2950
2166,RJ,UDAIPUR,GIRWA (UDAIPUR),294
2167,RJ,UDAIPUR,GOGUNDA,2956
2168,RJ,UDAIPUR,JHADOL,2959
2169,RJ,UDAIPUR,KHERWARA,2907
2170,RJ,UDAIPUR,KOTRA,2958
2171,RJ,UDAIPUR,KUMBALGARH (CHARBHUJAJI),2954
2172,RJ,UDAIPUR,MALVI (FATEHNAGAR),2955
2173,RJ,UDAIPUR,NATHDWARA,2953
2174,RJ,UDAIPUR,RAJSAMAND (KANKORLI),2952
2175,RJ,UDAIPUR,SALUMBER,2906
2176,RJ,UDAIPUR,SARADA (CHAWAND),2905
2177,RJ,UDAIPUR,VALLABHNAGAR,2957
2178,TN,CHENGALPATTU (KANCHEEPURAM),CHENGALPATTU,4114
2179,TN,CHENGALPATTU,KANCHEEPURAM,4112
2180,TN,CHENGALPATTU (KANCHEEPURAM),MADURANTAGAM,4115
2181,TN,CHENGALPATTU,PONNERI,4119
2182,TN,CHENGALPATTU (KANCHEEPURAM),SRIPERUMPUDUR,4111
2183,TN,CHENGALPATTU,TIRUTTANI,4118
2184,TN,CHENGALPATTU (KANCHEEPURAM),TIRUVELLORE,4116
2185,TN,CHENNAI,CHENNAI,44
2186,TN,COIMBATORE,ANAMALAI,4253
2187,TN,COIMBATORE,AVANASHI,4296
2188,TN,COIMBATORE,COIMBATORE,422
2189,TN,COIMBATORE,METTUPALAYAM,4254
2190,TN,COIMBATORE,PALLADUM,4255
2191,TN,COIMBATORE,POLLACHI,4259
2192,TN,COIMBATORE,TIRUPUR,421
2193,TN,COIMBATORE,UDUMALPET,4252
2194,TN,CUDDALORE,ARAKANDANALLUR,4153
2195,TN,CUDDALORE,CHIDAMBARAM,4144
2196,TN,CUDDALORE,CUDDALORE,4142
2197,TN,CUDDALORE,GINGEE,4145
2198,TN,CUDDALORE,KALLKURICHI,4151
2199,TN,CUDDALORE,TINDIVANAM,4147
2200,TN,CUDDALORE,ULUNDURPET,4149
2201,TN,CUDDALORE,VILLUPURAM,4146
2202,TN,CUDDALORE,VIRUDHACHALAM,4143
2203,TN,DHARMAPURI,DENKANIKOITAH,4347
2204,TN,DHARMAPURI,DHARMAPURI,4342
2205,TN,DHARMAPURI,HARUR,4346
2206,TN,DHARMAPURI,HOSUR,4344
2207,TN,DHARMAPURI,KRISHNAGIRI,4343
2208,TN,DHARMAPURI,PALACODE,4348
2209,TN,DHARMAPURI,UTHANGARAI,4341
2210,TN,ERODE,BHAVANI,4256
2211,TN,ERODE,DHARAMPURAM,4258
2212,TN,ERODE,ERODE,424
2213,TN,ERODE,GOBICHETTIPALAYAM,4285
2214,TN,ERODE,KANGAYAM,4257
2215,TN,ERODE,KODUMUDI,4204
2216,TN,ERODE,MULANUR,4202
2217,TN,ERODE,PERUNDURAI,4294
2218,TN,ERODE,SATHIYAMANGALAM,4295
2219,TN,KARAIKUDI,DEVAKOTTAI,4561
2220,TN,KARAIKUDI,KARAIKUDI,4565
2221,TN,KARAIKUDI,MANAMADURAI,4574
2222,TN,KARAIKUDI,MUDUKULATHUR,4576
2223,TN,KARAIKUDI,PARAMAKUDI,4564
2224,TN,KARAIKUDI,RAMANATHPURAM,4567
2225,TN,KARAIKUDI,RAMESHWARAM,4573
2226,TN,KARAIKUDI,SIVAGANGA,4575
2227,TN,KARAIKUDI,TIRUPATHUR,4577
2228,TN,MADURAI,BATLAGUNDU,4543
2229,TN,MADURAI,CUMBUM,4554
2230,TN,MADURAI,DINDIGUL,451
2231,TN,MADURAI,KODAIKANAL,4542
2232,TN,MADURAI,MADURAI,452
2233,TN,MADURAI,NATHAM,4544
2234,TN,MADURAI,ODDANCHATRAM,4553
2235,TN,MADURAI,PALANI,4545
2236,TN,MADURAI,THENI,4546
2237,TN,MADURAI,THIRUMANGLAM,4549
2238,TN,MADURAI,USILIAMPATTI,4552
2239,TN,MADURAI,VEDASANDUR,4551
2240,TN,NAGARCOIL,KUZHITHURAI,4651
2241,TN,NAGARCOIL,NAGERCOIL,4652
2242,TN,OOTY,GUDALUR,4262
2243,TN,OOTY,KOTAGIRI,4266
2244,TN,OOTY,OOTACAMUND,423
2245,TN,PONDICHERY,PONDICHERRY,413
2246,TN,SALEM,ATTUR,4282
2247,TN,SALEM,METTURDAM,4298
2248,TN,SALEM,NAMAKKAL,4286
2249,TN,SALEM,OMALUR,4290
2250,TN,SALEM,RASIPURAM,4287
2251,TN,SALEM,SALEM,427
2252,TN,SALEM,SANKAGIRI,4283
2253,TN,SALEM,TIRUCHENGODE,4288
2254,TN,SALEM,VALAPADY,4292
2255,TN,SALEM,VELUR,4268
2256,TN,SALEM,YERCAUD,4281
2257,TN,THANJAVUR,KARAIKAL,4368
2258,TN,THANJAVUR,KUMBAKONAM,435
2259,TN,THANJAVUR,MANNARGUDI,4367
2260,TN,THANJAVUR,MAYILADUTHURAI,4364
2261,TN,THANJAVUR,NAGAPATTINAM,4365
2262,TN,THANJAVUR,ORATHANAD,4372
2263,TN,THANJAVUR,PAPANASAM,4374
2264,TN,THANJAVUR,PATTUKOTTAI,4373
2265,TN,THANJAVUR,THANJAVUR,4362
2266,TN,THANJAVUR,THIRURAIPOONDI,4369
2267,TN,THANJAVUR,TIRUVARUR,4366
2268,TN,TIRUNELVELLI,AMBASAMUDRAM,4634
2269,TN,TIRUNELVELLI,NANGUNERI,4635
2270,TN,TIRUNELVELLI,SANKARAN KOIL,4636
2271,TN,TIRUNELVELLI,TENKASI,4633
2272,TN,TIRUNELVELLI,TIRUNELVELLI,462
2273,TN,TIRUNELVELLI,VALLIYOOR,4637
2274,TN,TRICHY,ARANTANGI,4371
2275,TN,TRICHY,ARAVAKURICHI,4320
2276,TN,TRICHY,ARIYALUR,4329
2277,TN,TRICHY,JAYAMKONDAN,4331
2278,TN,TRICHY,KARUR,4324
2279,TN,TRICHY,KEERANUR,4339
2280,TN,TRICHY,KULITHALAI,4323
2281,TN,TRICHY,MANAPARAI,4332
2282,TN,TRICHY,MUSIRI,4326
2283,TN,TRICHY,PERAMBALUR,4328
2284,TN,TRICHY,PONNAMARAVATHI,4333
2285,TN,TRICHY,PUDUKKOTTAI,4322
2286,TN,TRICHY,THURAIYURE,4327
2287,TN,TRICHY,TRICHY,431
2288,TN,TUTICORIN,KOVILPATTI,4632
2289,TN,TUTICORIN,SRIVAIKUNDAM,4630
2290,TN,TUTICORIN,TIRUCHENDUR,4639
2291,TN,TUTICORIN,TUTICORIN,461
2292,TN,TUTICORIN,VILATHIKULAM,4638
2293,TN,VELLORE,ARKONAM,4177
2294,TN,VELLORE,ARNI,4173
2295,TN,VELLORE,CHENGAM,4188
2296,TN,VELLORE,GUDIYATHAM,4171
2297,TN,VELLORE,POLUR,4181
2298,TN,VELLORE,RANIPET,4172
2299,TN,VELLORE,TIRUPATTUR,4179
2300,TN,VELLORE,TIRUVANNAMALAI,4175
2301,TN,VELLORE,TIRUVETTIPURAM,4182
2302,TN,VELLORE,VANIYAMBADI,4174
2303,TN,VELLORE,VELLORE,416
2304,TN,VELLORE,WANDIWASH,4183
2305,TN,VIRUDHUNAGAR,ARUPPUKOTTAI,4566
2306,TN,VIRUDHUNAGAR,RAJAPALAYAM,4563
2307,TN,VIRUDHUNAGAR,VIRUDHUNAGAR,4562
2308,UPE,ALLAHABAD,ALLAHABAD,532
2309,UPE,ALLAHABAD,BHARWARI,5331
2310,UPE,ALLAHABAD,KARCHHANA (SHANKERGARH),5333
2311,UPE,ALLAHABAD,MEJA (SIRSA),5334
2312,UPE,ALLAHABAD,PHOOLPUR,5332
2313,UPE,ALLAHABAD,SORAON,5335
2314,UPE,AZAMGARH,AZAMGARH,5462
2315,UPE,AZAMGARH,GHOSI,5461
2316,UPE,AZAMGARH,LALGANJ,5463
2317,UPE,AZAMGARH,MAUNATHBHANJAN,5464
2318,UPE,AZAMGARH,PHULPUR-I (PHULPUR),5460
2319,UPE,AZAMGARH,PHULPUR-II (ATRAWLIA),5465
2320,UPE,AZAMGARH,SAGRI,5466
2321,UPE,BAHRAICH,BAHRAICH-I (BAHRAILH),5252
2322,UPE,BAHRAICH,BAHRAICH-II (BHINGA),5250
2323,UPE,BAHRAICH,KAISARGANH-II (MAHASI),5255
2324,UPE,BAHRAICH,KAISARGANJ-I (KAISERGANJ),5251
2325,UPE,BAHRAICH,NANPARAH-II (MIHINPURWA),5254
2326,UPE,BAHRAICH,NANPARA-I (NANPARA),5253
2327,UPE,BALLIA,BALLIA-I (BALLIA),5498
2328,UPE,BALLIA,BALLIA-II (RANIGANJ),5496
2329,UPE,BALLIA,BANSDEEH,5494
2330,UPE,BALLIA,RASARA,5491
2331,UPE,BANDA,BABERU,5190
2332,UPE,BANDA,BANDA,5192
2333,UPE,BANDA,KARVI -I (KARVI),5198
2334,UPE,BANDA,KARVI-II (MANIKPUR),5194
2335,UPE,BANDA,MAU (RAJAPUR),5195
2336,UPE,BANDA,NARAINI (ATTARRA),5191
2337,UPE,BARABANKI,BARABANKI,5248
2338,UPE,BARABANKI,FATEHPUR,5240
2339,UPE,BARABANKI,HAIDERGARH,5244
2340,UPE,BARABANKI,RAMSANEHI GHAT,5241
2341,UPE,BASTI,BANSI,5545
2342,UPE,BASTI,BASTI,5542
2343,UPE,BASTI,DOMARIYAGANJ,5541
2344,UPE,BASTI,HARRAIYA,5546
2345,UPE,BASTI,KHALILABAD -I,5547
2346,UPE,BASTI,KHALILABAD-II (MEHDAWAL),5548
2347,UPE,BASTI,NAUGARH-I (TETRIBAZAR),5544
2348,UPE,BASTI,NAUGARH-II (BARHANI),5543
2349,UPE,DEORIA,CAPTANGANJ (KHADDA),5563
2350,UPE,DEORIA,CAPTANGANJ-I(CAPTANGANJ),5567
2351,UPE,DEORIA,DEORIA,5568
2352,UPE,DEORIA,PADRAUNA,5564
2353,UPE,DEORIA,SALEMPUR-I (SALEMPUR),5566
2354,UPE,DEORIA,SALEMPUR-II (BARHAJ),5561
2355,UPE,ETAWAH,AURAIYA,5683
2356,UPE,ETAWAH,BHARTHANA,5680
2357,UPE,ETAWAH,BIDHUNA,5681
2358,UPE,ETAWAH,ETAWAH,5688
2359,UPE,FAIZABAD,AKBARPUR-I (AKBARPUR),5271
2360,UPE,FAIZABAD,AKBARPUR-II (JALALPUR),5275
2361,UPE,FAIZABAD,BIKAPUR,5270
2362,UPE,FAIZABAD,FAIZABAD,5278
2363,UPE,FAIZABAD,TANDA-II (BASKHARI),5274
2364,UPE,FAIZABAD,TANDAI-I (TANDA),5273
2365,UPE,FARRUKHABAD,CHHIBRAMAU,5691
2366,UPE,FARRUKHABAD,FARRUKHABAD (FATEGARH),5692
2367,UPE,FARRUKHABAD,KAIMGANJ,5690
2368,UPE,FARRUKHABAD,KANNAUJ,5694
2369,UPE,FATEHPUR,BINDKI,5181
2370,UPE,FATEHPUR,FATEH-PUR-I (FATEHPUR),5180
2371,UPE,FATEHPUR,FATEHPUR-II (GAZIPUR),5183
2372,UPE,FATEHPUR,KHAGA,5182
2373,UPE,GHAZIPUR,GHAZIPUR,548
2374,UPE,GHAZIPUR,MOHAMDABAD,5493
2375,UPE,GHAZIPUR,SAIDPUR,5495
2376,UPE,GHAZIPUR,ZAMANIA,5497
2377,UPE,GONDA,BALARAMPUR-I (BALRAMPUR),5263
2378,UPE,GONDA,BALARAMPUR-II (TULSIPUR),5264
2379,UPE,GONDA,GONDA,5262
2380,UPE,GONDA,TARABGANJ-I (TERABGANJ),5260
2381,UPE,GONDA,TARABGANJ-II (COLONELGANJ),5261
2382,UPE,GONDA,UTRAULA,5265
2383,UPE,GORAKHPUR,BANSGAON -I (BANSGAON),5525
2384,UPE,GORAKHPUR,BANSGAON-II (BARHAL GANJ),5521
2385,UPE,GORAKHPUR,GORAKHPUR,551
2386,UPE,GORAKHPUR,MAHARAJGANJ,5523
2387,UPE,GORAKHPUR,PHARENDA-I (COMPIERGANJ),5522
2388,UPE,GORAKHPUR,PHARENDA-II (ANAND NAGAR),5524
2389,UPE,HAMIRPUR,CHARKHARI,5283
2390,UPE,HAMIRPUR,HAMIRPUR,5282
2391,UPE,HAMIRPUR,MAHOBA,5281
2392,UPE,HAMIRPUR,MAUDAHA,5284
2393,UPE,HAMIRPUR,RATH,5280
2394,UPE,HARDOI,BILGAM-I (MADHOGANJ),5851
2395,UPE,HARDOI,BILGRAM-II (SANDI),5855
2396,UPE,HARDOI,HARDOI-I (HARDOI),5852
2397,UPE,HARDOI,HARDOI-II (BAGHAVLI),5850
2398,UPE,HARDOI,SANDILA,5854
2399,UPE,HARDOI,SHAHABAD,5853
2400,UPE,JAUNPUR,JAUNPUR,5452
2401,UPE,JAUNPUR,KERAKAT,5450
2402,UPE,JAUNPUR,MACHLISHAHAR,5454
2403,UPE,JAUNPUR,MARIYAHU,5451
2404,UPE,JAUNPUR,SHAHGANJ,5453
2405,UPE,JHANSI,CHIRGAON (MOTH),5170
2406,UPE,JHANSI,GARAUTH,5171
2407,UPE,JHANSI,JHANSI,5174
2408,UPE,JHANSI,LALITPUR-I (LALITPUR),5176
2409,UPE,JHANSI,LALITPUR-II (TALBEHAT),5175
2410,UPE,JHANSI,MAURANIPUR,5178
2411,UPE,JHANSI,MEHRAUN,5172
2412,UPE,KANPUR,AKBARPUR,5111
2413,UPE,KANPUR,BHOGNIPUR (PAKHRAYAN),5113
2414,UPE,KANPUR,BILHAUR,5112
2415,UPE,KANPUR,DERAPUR (JHINJAK),5114
2416,UPE,KANPUR,GHATAMPUR,5115
2417,UPE,KANPUR,KANPUR,512
2418,UPE,LAKHIMPUR KHERI,KHERI-I (KHERI),5872
2419,UPE,LAKHIMPUR KHERI,KHERI-II (BHIRA),5870
2420,UPE,LAKHIMPUR KHERI,MOHAMDI-I (MOHAMDI),5876
2421,UPE,LAKHIMPUR KHERI,MOHAMDI-II (MAIGALGANJ),5875
2422,UPE,LAKHIMPUR KHERI,NIGHASAN-I (PALLIAKALAN),5871
2423,UPE,LAKHIMPUR KHERI,NIGHASAN-II (TIKONIA),5873
2424,UPE,LAKHIMPUR KHERI,NIGHASAN-III (DHAURAHRA),5874
2425,UPE,LUCKNOW,LUCKNOW,522
2426,UPE,LUCKNOW,MALIHABAD,5212
2427,UPE,MAINPURI,BHOGAON,5673
2428,UPE,MAINPURI,JASRANA,5671
2429,UPE,MAINPURI,KARHAL,5677
2430,UPE,MAINPURI,MAINPURI,5672
2431,UPE,MAINPURI,SHIKOHABAD,5676
2432,UPE,MIRZAPUR,CHUNUR,5443
2433,UPE,MIRZAPUR,DUDHI-I (DUDHI),5447
2434,UPE,MIRZAPUR,DUDHI-II (PIPRI),5446
2435,UPE,MIRZAPUR,MIRZAPUR-I (MIRZAPUR),5442
2436,UPE,MIRZAPUR,MIRZAPUR-II (HALLIA),5440
2437,UPE,MIRZAPUR,ROBERTSGANJ -II (OBRA),5445
2438,UPE,MIRZAPUR,ROBERTSGANJ-I,5444
2439,UPE,ORAI,JALAUN,5168
2440,UPE,ORAI,KALPI,5164
2441,UPE,ORAI,KONCH,5165
2442,UPE,ORAI,ORAI,5162
2443,UPE,PRATAPGARH,KUNDA,5341
2444,UPE,PRATAPGARH,PATTI,5343
2445,UPE,PRATAPGARH,PRATAPGARH,5342
2446,UPE,RAIBAREILLY,DALMAU-I (DALMAU),5317
2447,UPE,RAIBAREILLY,DALMAU-II (LALGANJ),5315
2448,UPE,RAIBAREILLY,RAIBARELI,535
2449,UPE,RAIBAREILLY,SALON -I (SALON),5311
2450,UPE,RAIBAREILLY,SALON-II (JAIS),5313
2451,UPE,SAHJAHANPUR,JALALABAD,5843
2452,UPE,SAHJAHANPUR,POWAYAN,5844
2453,UPE,SAHJAHANPUR,SHAHJAHANPUR,5842
2454,UPE,SAHJAHANPUR,TILHAR,5841
2455,UPE,SITAPUR,BISWAN,5863
2456,UPE,SITAPUR,MISRIKH -I (MISRIKH),5865
2457,UPE,SITAPUR,MISRIKH-II (AURANGABAD),5861
2458,UPE,SITAPUR,SIDHAULI (MAHMODABAD),5864
2459,UPE,SITAPUR,SITAPUR,5862
2460,UPE,SULTANPUR,AMETHI,5368
2461,UPE,SULTANPUR,KADIPUR,5364
2462,UPE,SULTANPUR,MUSAFIRKHANA,5361
2463,UPE,SULTANPUR,SULTANPUR,5362
2464,UPE,UNNAO,HASANGANJ,5143
2465,UPE,UNNAO,PURWA (BIGHAPUR),5142
2466,UPE,UNNAO,SAFIPUR,5144
2467,UPE,UNNAO,UNNAO,515
2468,UPE,VARANSI,BHADOHI,5414
2469,UPE,VARANSI,CHAKIA,5413
2470,UPE,VARANSI,CHANDAULI (MUGALSARAI),5412
2471,UPE,VARANSI,VARANSI,542
2472,UPW,AGRA,ACHHNERA,5613
2473,UPW,AGRA,AGRA,562
2474,UPW,AGRA,FEROZABAD,5612
2475,UPW,AGRA,JARAR,5614
2476,UPW,ALIGARH,ALIGARH,571
2477,UPW,ALIGARH,ATRAULI,5723
2478,UPW,ALIGARH,HATHRAS,5722
2479,UPW,ALIGARH,KHAIR,5724
2480,UPW,ALIGARH,SIKANDRA RAO,5721
2481,UPW,BADAUN,BADAUN,5832
2482,UPW,BADAUN,BISAULI,5834
2483,UPW,BADAUN,DATAGANJ,5831
2484,UPW,BADAUN,GUNNAUR,5836
2485,UPW,BADAUN,SAHASWAN,5833
2486,UPW,BAREILLY,AONLA -I,5823
2487,UPW,BAREILLY,AONLA-II (RAMNAGAR),5824
2488,UPW,BAREILLY,BAHERI,5822
2489,UPW,BAREILLY,BAREILLY,581
2490,UPW,BAREILLY,NAWABGANJ,5825
2491,UPW,BAREILLY,PITAMBERPUR,5821
2492,UPW,BIJNORE,BIJNORE-I,1342
2493,UPW,BIJNORE,BIJNORE-II (CHANDPUR),1345
2494,UPW,BIJNORE,DHAMPUR,1344
2495,UPW,BIJNORE,NAGINA,1343
2496,UPW,BIJNORE,NAJIBABAD,1341
2497,UPW,ETAH,ALIGANJ (GANJDUNDWARA),5740
2498,UPW,ETAH,ETAH,5742
2499,UPW,ETAH,JALESAR,5745
2500,UPW,ETAH,KASGANJ,5744
2501,UPW,GHAZIABAD,BULANDSHAHR,5732
2502,UPW,GHAZIABAD,DEBAI,5734
2503,UPW,GHAZIABAD,GARHMUKTESHWAR,5731
2504,UPW,GHAZIABAD,GHAZIABAD+DADRI,120
2505,UPW,GHAZIABAD,HAPUR,122
2506,UPW,GHAZIABAD,KHURJA,5738
2507,UPW,GHAZIABAD,MODINAGAR,1232
2508,UPW,GHAZIABAD,PAHASU,5733
2509,UPW,GHAZIABAD,SIKANDRABAD,5735
2510,UPW,GHAZIABAD,SIYANA,5736
2511,UPW,MATHURA,CHHATA (KOSIKALAN),5662
2512,UPW,MATHURA,MANT (VRINDAVAN),5664
2513,UPW,MATHURA,MATHURA,565
2514,UPW,MATHURA,SADABAD,5661
2515,UPW,MEERUT,BAGHPAT-II (BARAUT),1234
2516,UPW,MEERUT,MAWANA,1233
2517,UPW,MEERUT,MEERUT,121
2518,UPW,MEERUT,SARDHANA,1237
2519,UPW,MORADABAD,AMROHA,5922
2520,UPW,MORADABAD,BILARI,5921
2521,UPW,MORADABAD,HASANPUR,5924
2522,UPW,MORADABAD,MORADABAD,591
2523,UPW,MORADABAD,SAMBHAL,5923
2524,UPW,MUZAFFARNAGAR,BUDHANA,1392
2525,UPW,MUZAFFARNAGAR,JANSATH (KHATAULI),1396
2526,UPW,MUZAFFARNAGAR,KAIRANA (SHAMLI),1398
2527,UPW,MUZAFFARNAGAR,MUZAFFAR NAGAR,131
2528,UPW,PILIBHIT,BISALPUR,5881
2529,UPW,PILIBHIT,PILIBHIT,5882
2530,UPW,PILIBHIT,PURANPUR,5880
2531,UPW,RAMPUR,RAMPUR,595
2532,UPW,RAMPUR,SHAHABAD,5960
2533,UPW,SAHARANPUR,DEOBAND,1336
2534,UPW,SAHARANPUR,NAKUR (GANGOH),1331
2535,UPW,SAHARANPUR,SAHARANPUR,132
2536,UPW,ALMORA,ALMORA,5962
2537,UPW,ALMORA,BAGESHWAR,5963
2538,UPW,ALMORA,CHAMPAWAT,5965
2539,UPW,ALMORA,DHARCHULA,5967
2540,UPW,ALMORA,MUNSIARI,5961
2541,UPW,ALMORA,PITHORAGARH,5964
2542,UPW,ALMORA,RANIKHET,5966
2543,UPW,DEHRADUN,CHAKRATA (DAKPATHER),1360
2544,UPW,DEHRADUN,DEHRADUN,135
2545,UPW,KOTDWARA,CHAMOLI,1372
2546,UPW,KOTDWARA,JOSHIMATH-I,1389
2547,UPW,KOTDWARA,JOSHIMATH-II (BADRINATH),1381
2548,UPW,KOTDWARA,KARAN PRAYAG,1363
2549,UPW,KOTDWARA,LANSDOWN-I,1386
2550,UPW,KOTDWARA,LANSDOWN-II (KOTDWARA),1382
2551,UPW,KOTDWARA,LANSDOWN-III (SYUNSI),1348
2552,UPW,KOTDWARA,PAURI-I,1368
2553,UPW,KOTDWARA,PAURI-II (BUBAKHAL),1346
2554,UPW,KOTDWARA,UKHIMATH (GUPTKASHI),1364
2555,UPW,NAINITAL,HALDWANI-I,5946
2556,UPW,NAINITAL,HALDWANI-II (CHORGALIAN),5945
2557,UPW,NAINITAL,KASHIPUR,5947
2558,UPW,NAINITAL,KHATIMA,5943
2559,UPW,NAINITAL,KHATIMA-II (SITARGANJ),5948
2560,UPW,NAINITAL,KICHHA-I (RUDRAPUR),5944
2561,UPW,NAINITAL,KICHHA-II (BAZPUR),5949
2562,UPW,NAINITAL,NAINITAL,5942
2563,UPW,SAHARANPUR,ROORKEE-I,1332
2564,UPW,SAHARANPUR,ROORKEE-II (HARDWAR),1334
2565,UPW,UTTARKASHI,BHATWARI-I (UTTARKASHI),1374
2566,UPW,UTTARKASHI,BHATWARI-I (GANGOTRI),1377
2567,UPW,UTTARKASHI,DEOPRAYAG-I,1378
2568,UPW,UTTARKASHI,DEOPRAYAG-II (JAKHOLI),1370
2569,UPW,UTTARKASHI,DUNDA,1371
2570,UPW,UTTARKASHI,PARTAPNAGAR,1379
2571,UPW,UTTARKASHI,PUROLA,1373
2572,UPW,UTTARKASHI,RAJGARHI,1375
2573,UPW,UTTARKASHI,TEHRI,1376
2574,WB,ASANSOL,ASANSOL,341
2575,WB,ASANSOL,BURDWAN,342
2576,WB,ASANSOL,DURGAPUR,343
2577,WB,ASANSOL,GUSKARA,3452
2578,WB,ASANSOL,KALNA,3454
2579,WB,ASANSOL,KATWA,3453
2580,WB,ASANSOL,SEHARABAZAR,3451
2581,WB,BALURGHAT (RAIGANJ),BALURGHAT,3522
2582,WB,BALURGHAT (RAIGANJ),DALKHOLA,3525
2583,WB,BALURGHAT (RAIGANJ),GANGARAMPUR,3521
2584,WB,BALURGHAT (RAIGANJ),HARIRAMPUR,3524
2585,WB,BALURGHAT (RAIGANJ),ISLAMPUR (ND),3526
2586,WB,BALURGHAT (RAIGANJ),RAIGANJ,3523
2587,WB,BANKURA,BANKURA,3242
2588,WB,BANKURA,BISHNUPUR,3244
2589,WB,BANKURA,GANGAJALGHATI,3241
2590,WB,BANKURA,KHATRA,3243
2591,WB,BERHAMPUR,BERHAMPUR,3482
2592,WB,BERHAMPUR,DHULIYAN,3485
2593,WB,BERHAMPUR,ISLAMPUR (M),3481
2594,WB,BERHAMPUR,KANDI,3484
2595,WB,BERHAMPUR,MURSHIDABAD (JIAGANJ),3483
2596,WB,KOLKATA,ARAMBAG,3211
2597,WB,KOLKATA,BASIRHAT,3217
2598,WB,KOLKATA,BONGOAN,3215
2599,WB,KOLKATA,KOLKATA,33
2600,WB,KOLKATA,CANNING,3218
2601,WB,KOLKATA,CHAMPADANGA,3212
2602,WB,KOLKATA,DHANIAKHALI,3213
2603,WB,KOLKATA,DIAMOND HARBOUR,3174
2604,WB,KOLKATA,HABRA,3216
2605,WB,KOLKATA,JAGATBALLAVPUR,3214
2606,WB,KOLKATA,KAKDWIP,3210
2607,WB,COOCHBEHAR,COOCHBEHAR,3582
2608,WB,COOCHBEHAR,DINHATA,3581
2609,WB,COOCHBEHAR,MATHABHANGA,3583
2610,WB,COOCHBEHAR,MEKHLIGANJ,3584
2611,WB,DARJEELING (SILIGURI),DARJEELING,354
2612,WB,DARJEELING (SILIGURI),KALIMPONG,3552
2613,WB,DARJEELING (SILIGURI),SILIGURI,353
2614,WB,GANGTOK,GANGTOK,3592
2615,WB,GANGTOK,GAUZING (NAYABAZAR),3595
2616,WB,JALPAIGURI,ALIPURDUAR,3564
2617,WB,JALPAIGURI,BIRPARA,3563
2618,WB,JALPAIGURI,JALPAIGURI,3561
2619,WB,JALPAIGURI,KALCHINI,3566
2620,WB,JALPAIGURI,MAL BAZAR,3562
2621,WB,JALPAIGURI,NAGARAKATA,3565
2622,WB,KRISHNANAGAR,BETHUADAHARI,3474
2623,WB,KRISHNANAGAR,KARIMPUR,3471
2624,WB,KRISHNANAGAR,KRISHNA NAGAR,3472
2625,WB,KRISHNANAGAR,RANAGHAT,3473
2626,WB,MALDA,BUBULCHANDI,3511
2627,WB,MALDA,HARISHCHANDRAPUR,3513
2628,WB,MALDA,MALDA,3512
2629,WB,MIDNAPUR (KHARAGPUR),AMLAGORA,3227
2630,WB,MIDNAPUR (KHARAGPUR),CONTAI,3220
2631,WB,MIDNAPUR (KHARAGPUR),DANTAN,3229
2632,WB,MIDNAPUR (KHARAGPUR),GHATAL,3225
2633,WB,MIDNAPUR (KHARAGPUR),HALDIA,3224
2634,WB,MIDNAPUR (KHARAGPUR),JHARGRAM,3221
2635,WB,MIDNAPUR (KHARAGPUR),KHARAGPUR,3222
2636,WB,MIDNAPUR (KHARAGPUR),NAYAGARH (KULTIKRI),3223
2637,WB,MIDNAPUR (KHARAGPUR),TAMLUK,3228
2638,WB,PURULIA,ADRA,3251
2639,WB,PURULIA,JHALDA,3254
2640,WB,PURULIA,MANBAZAR,3253
2641,WB,PURULIA,PURULIA,3252
2642,WB,SURI,BOLPUR,3463
2643,WB,SURI,NALHATI,3465
2644,WB,SURI,RAMPUR HAT,3461
2645,WB,SURI,SURI,3462
